date,SNP,ford,google,vestas,aapl
2015-10-01,3577.46997070312,10.4800729751586,642.0,16.4352741241455,102.269157409667
2015-10-02,3629.0400390625,10.7253990173339,656.989990234375,16.3978404998779,103.015785217285
2015-10-05,3695.61010742187,10.8787288665771,671.679992675781,16.8470916748046,103.389106750488
2015-10-06,3682.330078125,10.9707260131835,671.640014648437,17.0530033111572,103.883735656738
2015-10-07,3713.36010742187,11.3080520629882,670.0,17.4086647033691,103.389106750488
2015-10-08,3746.1201171875,11.4920482635498,667.0,17.7830448150634,102.194480895996
2015-10-09,3748.9599609375,11.4767150878906,671.239990234375,17.9983119964599,104.63971710205
2015-10-12,3753.72998046875,11.4843816757202,676.429992675781,17.6426525115966,104.15436553955
2015-10-13,3728.47998046875,11.4537143707275,683.169982910156,17.6145725250244,104.331710815429
2015-10-14,3711.11010742187,11.5073804855346,680.409973144531,17.5022602081298,102.857131958007
2015-10-15,3766.42993164062,11.6683769226074,693.02001953125,17.8298397064209,104.397048950195
2015-10-16,3783.63989257812,11.7143745422363,695.320007324218,17.7362480163574,103.631767272949
2015-10-19,3784.71997070312,11.7757081985473,699.950012207031,17.7549629211425,104.27571105957
2015-10-20,3779.43994140625,11.7910404205322,680.0,17.8391990661621,106.179641723632
2015-10-21,3757.90991210937,11.8140392303466,671.799987792968,18.0638275146484,106.170295715332
2015-10-22,3820.48999023437,11.9443702697753,681.140014648437,17.8766384124755,107.794189453125
2015-10-23,3862.64990234375,12.0133686065673,719.330017089843,18.0170307159423,111.135353088378
2015-10-26,3855.2900390625,12.0210361480712,731.119995117187,18.2510185241699,107.5888671875
2015-10-27,3845.44995117187,11.4153833389282,732.820007324218,18.1199855804443,106.907569885253
2015-10-28,3891.34008789062,11.5935077667236,736.919982910156,18.1480655670166,111.312667846679
2015-10-29,3890.0400390625,11.4076385498046,744.849975585937,18.2322998046875,112.488594055175
2015-10-30,3871.330078125,11.4695949554443,737.390014648437,18.2042198181152,111.52732849121
2015-11-02,3917.30004882812,11.4231281280517,747.739990234375,18.5879611968994,113.095245361328
2015-11-03,3928.05004882812,11.4695949554443,748.820007324218,18.2510185241699,114.392501831054
2015-11-04,3915.52001953125,11.345682144165,755.309997558593,17.8111248016357,113.860534667968
2015-11-05,3911.88989257812,11.2837266921997,760.669982910156,18.6628360748291,113.335655212402
2015-11-06,3910.97998046875,11.2450056076049,761.599975585937,18.8313083648681,113.466873168945
2015-11-09,3873.3701171875,11.097861289978,754.77001953125,18.8968257904052,113.007606506347
2015-11-10,3880.22998046875,11.0591344833374,758.260009765625,18.8500251770019,109.44595336914
2015-11-11,3867.7099609375,11.0823707580566,765.25,18.8219509124755,108.827339172363
2015-11-12,3814.2900390625,10.87327003479,756.530029296875,18.8874645233154,108.461807250976
2015-11-13,3771.59008789062,10.7803363800048,740.070007324218,18.6628360748291,105.293807983398
2015-11-16,3828.4599609375,10.87327003479,750.419982910156,19.140172958374,107.018402099609
2015-11-17,3824.13989257812,10.9584589004516,745.97998046875,19.2337646484375,106.559135437011
2015-11-18,3886.26000976562,11.198537826538,760.010009765625,19.4583950042724,109.93334197998
2015-11-19,3882.06005859375,11.2837266921997,759.940002441406,19.3367195129394,111.329895019531
2015-11-20,3897.44995117187,11.3069620132446,777.0,19.2524852752685,111.817260742187
2015-11-23,3892.80004882812,11.2682380676269,776.700012207031,19.3273620605468,110.36449432373
2015-11-24,3897.669921875,11.2682380676269,769.630004882812,19.4303169250488,111.423599243164
2015-11-25,3897.57006835937,11.2682380676269,769.260009765625,19.5426273345947,110.626922607421
2015-11-27,3900.73999023437,11.2527513504028,771.969970703125,20.0106048583984,110.42073059082
2015-11-30,3882.84008789062,11.097861289978,762.849975585937,20.2165126800537,110.879997253417
2015-12-01,3924.6298828125,11.2759838104248,783.789978027343,20.3662643432617,109.980186462402
2015-12-02,3882.3798828125,11.0436477661132,777.849975585937,20.2633094787597,108.986679077148
2015-12-03,3826.73999023437,10.8268022537231,768.200012207031,20.7125663757324,107.974418640136
2015-12-04,3905.31005859375,10.9971799850463,779.210021972656,20.862319946289,111.564193725585
2015-12-07,3878.31005859375,10.935224533081,772.989990234375,20.8810367584228,110.86124420166
2015-12-08,3853.47998046875,10.8190584182739,775.140014648437,20.8155193328857,110.814376831054
2015-12-09,3823.89990234375,10.7571029663085,762.549987792968,20.862319946289,108.36808013916
2015-12-10,3832.92993164062,10.811312675476,760.039978027343,20.5534534454345,108.883583068847
2015-12-11,3759.09008789062,10.5634889602661,750.419982910156,20.1603565216064,106.08112335205
2015-12-14,3777.21997070312,10.5480003356933,762.539978027343,20.5721721649169,105.425025939941
2015-12-15,3817.36010742187,10.7416114807128,760.090026855468,20.7593631744384,103.559844970703
2015-12-16,3873.1201171875,11.1210927963256,776.590026855468,21.9293022155761,104.35651397705
2015-12-17,3815.4599609375,10.8268022537231,769.830017089843,21.7608299255371,102.144554138183
2015-12-18,3747.56005859375,10.6874027252197,756.849975585937,21.6017169952392,99.3795852661132
2015-12-21,3777.14990234375,10.6331882476806,760.799987792968,21.6391563415527,100.598045349121
2015-12-22,3810.85009765625,10.9971799850463,767.130004882812,21.7982692718505,100.504333496093
2015-12-23,3858.46997070312,11.1210927963256,768.510009765625,21.8731460571289,101.797760009765
2015-12-24,3852.31005859375,11.0823707580566,765.840026855468,21.845064163208,101.25414276123
2015-12-28,3843.93994140625,10.9816932678222,782.239990234375,21.9012222290039,100.12003326416
2015-12-29,3885.55004882812,11.0204133987426,793.960021972656,22.1352100372314,101.919609069824
2015-12-30,3857.89990234375,10.97394657135,790.299987792968,22.0228977203369,100.588676452636
2015-12-31,3821.60009765625,10.9119901657104,778.010009765625,21.9667358398437,98.6578826904296
2016-01-04,3763.98999023437,10.8190584182739,759.440002441406,21.592357635498,98.7422485351562
2016-01-05,3771.57006835937,10.62544631958,761.530029296875,21.2928562164306,96.2678146362304
2016-01-06,3723.43994140625,10.1530323028564,759.330017089843,21.1431045532226,94.3838882446289
2016-01-07,3635.2900390625,9.83550834655761,741.0,20.6376895904541,90.4004669189453
2016-01-08,3595.90991210937,9.711594581604,730.909973144531,20.3007488250732,90.8784790039062
2016-01-11,3598.96997070312,9.88971805572509,733.070007324218,20.0293235778808,92.3500061035156
2016-01-12,3627.06005859375,9.95167446136474,745.340026855468,20.6189727783203,93.6902999877929
2016-01-13,3536.919921875,9.4482831954956,719.570007324218,20.0106048583984,91.281494140625
2016-01-14,3596.03002929687,9.44053840637207,731.390014648437,20.2165126800537,93.2779159545898
2016-01-15,3518.51000976562,9.27015781402587,710.489990234375,18.6253967285156,91.0378112792968
2016-01-19,3520.39990234375,9.25467014312744,719.080017089843,20.0293235778808,90.5972900390625
2016-01-20,3479.75,9.21594715118408,718.559997558593,19.5145511627197,90.7191314697265
2016-01-21,3497.93994140625,9.30113792419433,726.669982910156,19.018497467041,90.2598724365234
2016-01-22,3568.89990234375,9.40181541442871,745.460021972656,19.4864711761474,95.0587387084961
2016-01-25,3513.11010742187,9.27790355682373,733.619995117187,19.4864711761474,93.2029342651367
2016-01-26,3562.81005859375,9.49474811553955,733.789978027343,19.8421325683593,93.7184371948242
2016-01-27,3524.330078125,9.48674392700195,717.580017089843,19.6362228393554,87.5605087280273
2016-01-28,3544.1298828125,9.3746633529663,748.299987792968,19.8514919281005,88.1884841918945
2016-01-29,3631.9599609375,9.55879402160644,761.349975585937,20.3756256103515,91.2346496582031
2016-02-01,3630.4599609375,9.66286849975586,770.77001953125,20.3943443298339,90.381721496582
2016-02-02,3562.52001953125,9.21455192565918,780.909973144531,19.5987854003906,88.5540237426757
2016-02-03,3581.53002929687,9.17452335357666,749.380004882812,19.9544467926025,90.3067245483398
2016-02-04,3587.7099609375,9.230562210083,730.030029296875,19.6549434661865,91.032356262207
2016-02-05,3521.60009765625,9.16651725769043,703.760009765625,19.5145511627197,88.6010589599609
2016-02-08,3472.080078125,9.27859497070312,704.159973144531,17.2869892120361,89.5339889526367
2016-02-09,3470.5,9.08646011352539,701.02001953125,19.4396743774414,89.5151443481445
2016-02-10,3471.0400390625,9.07845592498779,706.849975585937,19.8514919281005,88.8366546630859
2016-02-11,3428.98999023437,8.94235801696777,706.359985351562,19.8421325683593,88.2994918823242
2016-02-12,3496.28002929687,9.24657154083252,706.890014648437,19.5707073211669,88.5727844238281
2016-02-16,3555.19995117187,9.50275421142578,717.640014648437,20.1416358947753,91.0700454711914
2016-02-17,3614.15991210937,9.82298183441162,731.969970703125,20.590892791748,92.4647521972656
2016-02-18,3597.48999023437,9.8149766921997,717.510009765625,20.5440959930419,90.7119598388671
2016-02-19,3597.919921875,9.68688678741455,722.109985351562,20.5628147125244,90.504638671875
2016-02-22,3649.919921875,10.0551481246948,729.049987792968,20.7312831878662,91.2962188720703
2016-02-23,3604.67993164062,9.94306659698486,717.289978027343,21.0963058471679,89.2324295043945
2016-02-24,3620.8701171875,9.67087459564209,720.900024414062,20.8810367584228,90.561164855957
2016-02-25,3662.84008789062,9.91905117034912,729.119995117187,21.1992607116699,91.183120727539
2016-02-26,3656.419921875,9.98309707641601,724.859985351562,20.9559116363525,91.3244934082031
2016-02-29,3627.06005859375,10.0151185989379,717.219970703125,21.1337413787841,91.1171569824218
2016-03-01,3713.69995117187,10.47945022583,742.169982910156,21.6672344207763,94.73583984375
2016-03-02,3729.59008789062,10.5835237503051,739.47998046875,21.3677310943603,94.9431610107421
2016-03-03,3743.02001953125,10.8397064208984,731.590026855468,21.592357635498,95.6499328613281
2016-03-04,3755.46997070312,10.8797359466552,730.219970703125,21.2928562164306,97.0729064941406
2016-03-07,3759.05004882812,10.903751373291,712.799987792968,21.1431045532226,95.9986190795898
2016-03-08,3717.48999023437,10.591528892517,713.530029296875,20.7125663757324,95.20703125
2016-03-09,3736.919921875,10.5595054626464,725.409973144531,20.69384765625,95.2918548583984
2016-03-10,3737.73999023437,10.5274839401245,732.169982910156,20.590892791748,95.3389434814453
2016-03-11,3800.07006835937,10.6395635604858,744.869995117187,21.0775871276855,96.3661422729492
2016-03-14,3795.53002929687,10.6235513687133,750.239990234375,21.1805400848388,96.6111450195312
2016-03-15,3788.6201171875,10.591528892517,750.570007324218,21.0682277679443,98.5524139404296
2016-03-16,3810.09008789062,10.8076829910278,757.359985351562,21.4332466125488,99.8623046875
2016-03-17,3835.26000976562,10.7836656570434,758.47998046875,22.3036823272705,99.7021102905273
2016-03-18,3852.14990234375,10.9197635650634,755.409973144531,21.9293022155761,99.8151779174804
2016-03-21,3855.96997070312,10.9357728958129,762.159973144531,21.9012222290039,99.8057632446289
2016-03-22,3853.17993164062,10.8797359466552,760.049987792968,21.7889099121093,100.569061279296
2016-03-23,3828.580078125,10.61554813385,757.559997558593,21.6485157012939,100.013076782226
2016-03-24,3827.13989257812,10.45543384552,754.840026855468,21.6110782623291,99.579605102539
2016-03-28,3829.26000976562,10.47945022583,753.280029296875,21.6578750610351,99.1272659301757
2016-03-29,3863.80004882812,10.567512512207,765.890014648437,21.4800453186035,101.473739624023
2016-03-30,3881.01000976562,10.6875972747802,768.340026855468,22.3590126037597,103.245384216308
2016-03-31,3873.11010742187,10.8076829910278,762.900024414062,22.5300521850585,102.70824432373
2016-04-01,3897.65991210937,10.4874553680419,769.669982910156,22.3590126037597,103.650604248046
2016-04-04,3886.0,10.2472839355468,765.119995117187,22.3780136108398,104.715476989746
2016-04-05,3846.59008789062,10.2232685089111,758.570007324218,21.9123992919921,103.480987548828
2016-04-06,3888.40991210937,10.263295173645,768.070007324218,22.2544841766357,104.564682006835
2016-04-07,3841.97998046875,10.0231246948242,760.119995117187,21.7318572998046,102.284172058105
2016-04-08,3852.71997070312,10.0471410751342,759.469970703125,22.206974029541,102.397270202636
2016-04-11,3842.169921875,10.1352052688598,757.539978027343,22.0549354553222,102.736518859863
2016-04-12,3879.419921875,10.2552919387817,764.320007324218,21.9789161682128,104.074684143066
2016-04-13,3918.94995117187,10.45543384552,771.909973144531,21.6463356018066,105.582466125488
2016-04-14,3920.03002929687,10.47945022583,775.390014648437,21.8743915557861,105.638984680175
2016-04-15,3916.169921875,10.3593645095825,780.0,21.6083240509033,103.518669128417
2016-04-18,3941.86010742187,10.6075410842895,787.679992675781,21.5513114929199,101.285270690917
2016-04-19,3954.01000976562,10.7596473693847,776.25,21.750862121582,100.748130798339
2016-04-20,3957.25,10.9197635650634,774.919982910156,21.0286827087402,100.955451965332
2016-04-21,3936.80004882812,10.927767753601,780.0,20.781623840332,99.8623046875
2016-04-22,3937.0,10.8957433700561,737.77001953125,20.762617111206,99.5890274047851
2016-04-25,3929.8798828125,10.871726989746,742.210021972656,20.6010780334472,99.0235977172851
2016-04-26,3937.22998046875,11.0078248977661,725.369995117187,20.9811725616455,98.3356781005859
2016-04-27,3944.02001953125,11.0563879013061,721.460021972656,21.218729019165,92.1820449829101
2016-04-28,3907.8798828125,11.4044294357299,705.059997558593,21.2662410736084,89.3643646240234
2016-04-29,3888.1298828125,10.975450515747,707.880004882812,22.5680637359619,88.3371887207031
2016-05-02,3918.53002929687,11.0240125656127,714.409973144531,22.3305034637451,88.2429504394531
2016-05-03,3884.6298828125,10.8702268600463,708.440002441406,21.5988235473632,89.6941909790039
2016-05-04,3862.39990234375,10.7731008529663,711.369995117187,21.3327579498291,88.7612533569336
2016-05-05,3862.39990234375,10.7811946868896,714.710021972656,21.0571918487548,88.4009780883789
2016-05-06,3875.17993164062,10.878321647644,725.179992675781,21.4277820587158,87.907958984375
2016-05-09,3878.13989257812,10.7811946868896,729.130004882812,21.722354888916,87.9743423461914
2016-05-10,3926.6298828125,10.9187908172607,739.380004882812,22.0454349517822,88.5716323852539
2016-05-11,3891.1298828125,10.7811946868896,730.549987792968,22.0929450988769,87.708869934082
2016-05-12,3890.85009765625,10.8054761886596,728.070007324218,21.9694156646728,85.6514816284179
2016-05-13,3858.169921875,10.7002553939819,724.830017089843,21.4752941131591,85.8221359252929
2016-05-16,3896.36010742187,10.7811946868896,730.299987792968,21.3802700042724,89.0077590942382
2016-05-17,3860.8798828125,10.6355028152465,720.190002441406,21.2377338409423,88.6379928588867
2016-05-18,3862.25,10.6516904830932,721.780029296875,21.0761947631835,89.6524658203125
2016-05-19,3847.96997070312,10.5950326919555,715.309997558593,21.0096797943115,89.3111572265625
2016-05-20,3871.75,10.6759700775146,721.710021972656,21.0856971740722,90.2782287597656
2016-05-23,3863.82006835937,10.6274070739746,717.25,21.0571918487548,91.425422668457
2016-05-24,3916.77001953125,10.7569112777709,733.030029296875,21.4657917022705,92.8191375732421
2016-05-25,3944.330078125,10.9430723190307,738.099975585937,22.1119499206542,94.4498596191406
2016-05-26,3944.05004882812,10.894510269165,736.929992675781,22.178466796875,95.1988677978515
2016-05-27,3961.669921875,10.886417388916,747.599975585937,22.4825401306152,95.1419830322265
2016-05-31,3957.94995117187,10.9187908172607,748.849975585937,22.263988494873,94.6774139404296
2016-06-01,3963.10009765625,10.6112194061279,748.460021972656,22.5490589141845,93.3500671386718
2016-06-02,3974.76000976562,10.6921596527099,744.27001953125,22.5110473632812,92.6484680175781
2016-06-03,3963.22998046875,10.5545606613159,735.859985351562,22.9101467132568,92.8380966186523
2016-06-06,3982.73999023437,10.6678781509399,730.059997558593,22.9481563568115,93.511245727539
2016-06-07,3987.9599609375,10.8297567367553,731.090026855468,22.8721389770507,93.8904876708984
2016-06-08,4001.97998046875,10.8135690689086,742.929992675781,22.6155738830566,93.8051605224609
2016-06-09,3995.28002929687,10.7326278686523,742.52001953125,22.3495082855224,94.4783172607421
2016-06-10,3958.67993164062,10.6031255722045,733.190002441406,21.3897724151611,93.7008743286132
2016-06-13,3927.72998046875,10.5059986114501,731.880004882812,21.0001754760742,92.2881927490234
2016-06-14,3920.92993164062,10.3926811218261,733.25,20.5535659790039,92.4019546508789
2016-06-15,3914.02001953125,10.5302810668945,732.190002441406,20.4870471954345,92.0985641479492
2016-06-16,3926.92993164062,10.6193122863769,724.25,20.5250587463378,92.4873046875
2016-06-17,3914.14990234375,10.7326278686523,704.25,21.1522140502929,90.3825149536132
2016-06-20,3936.90991210937,10.862133026123,706.130004882812,21.7128524780273,90.1644439697265
2016-06-21,3947.93994140625,10.7002553939819,708.880004882812,21.4942989349365,90.9324188232421
2016-06-22,3941.44995117187,10.6678781509399,710.469970703125,21.8363800048828,90.591079711914
2016-06-23,3994.17993164062,10.845944404602,714.869995117187,22.4635372161865,91.112548828125
2016-06-24,3850.69995117187,10.133674621582,685.200012207031,20.3445148468017,88.5526885986328
2016-06-27,3781.02001953125,9.84228992462158,681.140014648437,19.7173595428466,87.2632598876953
2016-06-28,3849.05004882812,10.0284528732299,691.260009765625,20.2875022888183,88.7328109741211
2016-06-29,3915.10009765625,10.1579570770263,695.190002441406,21.0571918487548,89.5007705688476
2016-06-30,3968.2099609375,10.1741437911987,703.530029296875,21.5988235473632,90.6384887695312
2016-07-01,3976.67993164062,10.2955541610717,710.25,21.7033500671386,90.9134445190429
2016-07-05,3949.71997070312,10.036545753479,704.890014648437,20.9621677398681,90.0601501464843
2016-07-06,3972.26000976562,10.1741437911987,708.969970703125,20.6580905914306,90.5721359252929
2016-07-07,3969.18994140625,10.3198375701904,707.260009765625,20.5345611572265,90.9608535766601
2016-07-08,4029.75,10.5950326919555,717.780029296875,20.8861484527587,91.6624450683593
2016-07-11,4043.48999023437,10.7407236099243,727.200012207031,21.209228515625,91.9468841552734
2016-07-12,4071.85009765625,10.886417388916,732.510009765625,21.4752941131591,92.3640441894531
2016-07-13,4072.77001953125,10.9106969833374,729.47998046875,21.3137531280517,91.8425979614257
2016-07-14,4094.28002929687,10.9997291564941,735.799987792968,21.4562873840332,93.6629409790039
2016-07-15,4090.48999023437,10.9835443496704,735.630004882812,21.0476856231689,93.653450012207
2016-07-18,4100.39990234375,11.0482940673828,753.200012207031,20.9621677398681,94.6489639282226
2016-07-19,4094.61010742187,11.0482940673828,753.409973144531,21.0856971740722,94.6868896484375
2016-07-20,4112.60986328125,11.1211404800415,757.080017089843,21.4847965240478,94.7722244262695
2016-07-21,4097.81982421875,11.2668352127075,754.409973144531,21.1997241973876,94.2697372436523
2016-07-22,4116.5,11.2020826339721,759.280029296875,21.2852478027343,93.5396881103515
2016-07-25,4104.1298828125,11.1939868927001,757.52001953125,21.218729019165,92.2881927490234
2016-07-26,4105.56982421875,11.3412752151489,757.650024414062,21.4182796478271,91.6529541015625
2016-07-27,4100.81005859375,11.3249111175537,761.969970703125,21.6653385162353,97.6070327758789
2016-07-28,4107.75,10.4002609252929,765.840026855468,22.1404571533203,98.9248886108398
2016-07-29,4114.509765625,10.3593454360961,791.340026855468,22.1119499206542,98.8016662597656
2016-08-01,4109.27978515625,10.2120571136474,800.940002441406,21.8553867340087,100.546157836914
2016-08-02,4083.25,9.77018928527832,800.119995117187,21.6558380126953,99.0576477050781
2016-08-03,4097.2998046875,9.92566108703613,798.919982910156,22.0834445953369,100.299644470214
2016-08-04,4099.2099609375,9.8847484588623,797.25,22.3780136108398,100.919258117675
2016-08-05,4134.56005859375,9.97475814819336,806.929992675781,22.3210010528564,102.453956604003
2016-08-08,4131.18994140625,9.96657466888427,805.22998046875,22.3590126037597,103.302352905273
2016-08-09,4132.9599609375,10.0729513168334,807.47998046875,22.9386520385742,103.721771240234
2016-08-10,4122.64990234375,10.0238533020019,808.489990234375,22.9671611785888,102.949638366699
2016-08-11,4142.72021484375,10.0729513168334,808.200012207031,23.0716857910156,102.882926940917
2016-08-12,4139.6298828125,10.0893173217773,807.049987792968,23.261734008789,103.121223449707
2016-08-15,4151.68994140625,10.1711444854736,805.960021972656,23.5563049316406,104.360435485839
2016-08-16,4129.68017578125,10.0975008010864,801.190002441406,23.4612827301025,104.265106201171
2016-08-17,4138.419921875,10.1384124755859,805.419982910156,23.5087928771972,104.112602233886
2016-08-18,4147.64013671875,10.0893173217773,802.75,25.7608489990234,103.979141235351
2016-08-19,4142.22998046875,10.1384124755859,799.650024414062,25.9794044494628,104.246055603027
2016-08-22,4139.97021484375,10.1138648986816,796.950012207031,27.2147064208984,103.435791015625
2016-08-23,4148.16015625,10.1629610061645,796.590026855468,26.5780506134033,103.759895324707
2016-08-24,4126.64990234375,10.064769744873,793.599975585937,26.4640235900878,102.978248596191
2016-08-25,4121.08984375,10.203875541687,791.299987792968,26.4640235900878,102.539756774902
2016-08-26,4114.68017578125,10.1302318572998,793.219970703125,26.1789531707763,101.939208984375
2016-08-29,4136.75,10.203875541687,795.820007324218,26.1504440307617,101.824829101562
2016-08-30,4129.33984375,10.2693367004394,791.919982910156,26.3214874267578,101.043182373046
2016-08-31,4120.2900390625,10.3102531433105,789.849975585937,26.2454681396484,101.138496398925
2016-09-01,4120.169921875,10.1793251037597,791.400024414062,26.5210361480712,101.739036560058
2016-09-02,4137.7001953125,10.2284231185913,796.869995117187,26.6255645751953,102.692283630371
2016-09-06,4150.10986328125,10.3675317764282,808.02001953125,26.9011287689209,102.663673400878
2016-09-07,4150.509765625,10.3920783996582,807.989990234375,27.0721721649169,103.292808532714
2016-09-08,4141.4599609375,10.4166269302368,802.840026855468,26.9201354980468,100.585609436035
2016-09-09,4039.94995117187,10.1302318572998,788.47998046875,26.1884536743164,98.307373046875
2016-09-12,4099.47021484375,10.3920783996582,798.820007324218,26.6255645751953,100.509361267089
2016-09-13,4039.919921875,10.1302318572998,788.719970703125,26.1789531707763,102.901985168457
2016-09-14,4037.830078125,9.93384552001953,790.460021972656,26.197956085205,106.543357849121
2016-09-15,4079.32006835937,9.9092960357666,801.22998046875,26.4070091247558,110.165649414062
2016-09-16,4063.96997070312,9.9092960357666,797.969970703125,25.9413928985595,109.54605102539
2016-09-19,4063.93994140625,9.9092960357666,795.390014648437,26.3024826049804,108.268714904785
2016-09-20,4065.19995117187,9.81928539276123,799.780029296875,26.3784999847412,108.259170532226
2016-09-21,4109.6298828125,9.89293098449707,805.030029296875,26.2549724578857,108.240119934082
2016-09-22,4136.41015625,9.96657466888427,815.950012207031,26.4830265045166,109.260093688964
2016-09-23,4112.68994140625,9.95839118957519,814.960021972656,26.216962814331,107.439399719238
2016-09-26,4077.7099609375,9.82746791839599,802.650024414062,26.0364170074462,107.601448059082
2016-09-27,4104.18017578125,9.8029203414917,810.72998046875,25.8653736114501,107.801620483398
2016-09-28,4126.830078125,9.89293098449707,810.059997558593,26.1884536743164,108.62141418457
2016-09-29,4088.46997070312,9.79473972320556,802.640014648437,25.8558712005615,106.934188842773
2016-09-30,4121.06005859375,9.87656593322753,804.059997558593,26.0269165039062,107.76350402832
2016-10-03,4108.1298828125,9.90111446380615,800.380004882812,26.0554218292236,107.25828552246
2016-10-04,4088.169921875,9.98294162750244,802.789978027343,26.216962814331,107.715835571289
2016-10-05,4107.39990234375,10.2120571136474,801.22998046875,26.701581954956,107.76350402832
2016-10-06,4109.490234375,10.1384124755859,803.080017089843,26.3975067138671,108.564216613769
2016-10-07,4096.25,10.0565843582153,800.710021972656,26.0839309692382,108.726264953613
2016-10-10,4115.1201171875,9.91747856140136,814.169982910156,26.0364170074462,110.623214721679
2016-10-11,4063.919921875,9.81110382080078,809.570007324218,24.8486251831054,110.861518859863
2016-10-12,4068.919921875,9.78655624389648,811.77001953125,24.8011131286621,111.852897644042
2016-10-13,4056.44995117187,9.7456407546997,804.080017089843,24.6110649108886,111.509719848632
2016-10-14,4057.28002929687,9.7456407546997,804.599975585937,24.820119857788,112.12931060791
2016-10-17,4045.07006835937,9.72109317779541,806.840026855468,24.9436473846435,112.053062438964
2016-10-18,4069.98999023437,9.72927570343017,821.489990234375,25.190710067749,111.976814270019
2016-10-19,4079.5,9.82746791839599,826.840026855468,25.3332443237304,111.643173217773
2016-10-20,4074.17993164062,9.79473972320556,821.630004882812,25.2857341766357,111.585983276367
2016-10-21,4073.85009765625,9.83565139770507,824.059997558593,25.2762279510498,111.147491455078
2016-10-24,4093.21997070312,9.97475814819336,835.739990234375,25.3427467346191,112.148384094238
2016-10-25,4077.80004882812,9.81734848022461,828.549987792968,25.1146907806396,112.720344543457
2016-10-26,4070.76000976562,9.84220314025878,822.099975585937,24.9911575317382,110.18472290039
2016-10-27,4058.75,9.72621822357177,817.349975585937,25.0196666717529,109.126632690429
2016-10-28,4046.36010742187,9.70964908599853,819.559997558593,25.190710067749,108.402168273925
2016-10-31,4045.88989257812,9.72621822357177,809.900024414062,25.2762279510498,108.230583190917
2016-11-01,4018.46997070312,9.61851501464843,805.47998046875,24.7060890197753,106.276443481445
2016-11-02,3992.76000976562,9.44453907012939,788.419982910156,23.9268970489501,106.371757507324
2016-11-03,3976.56005859375,9.40311527252197,782.190002441406,23.4707870483398,105.23159790039
2016-11-04,3970.02001953125,9.39482975006103,781.099975585937,23.4517803192138,104.283050537109
2016-11-07,4058.30004882812,9.59366416931152,802.030029296875,24.4020156860351,105.787322998046
2016-11-08,4075.61010742187,9.51081562042236,811.97998046875,22.4255275726318,106.410102844238
2016-11-09,4121.02978515625,9.59366416931152,805.590026855468,20.2589931488037,106.237648010253
2016-11-10,4129.4599609375,9.89191150665283,780.289978027343,19.8313884735107,103.27700805664
2016-11-11,4123.68994140625,10.1735897064208,771.75,19.9549198150634,103.890220642089
2016-11-14,4123.81005859375,9.99132823944091,753.219970703125,19.7743740081787,101.28409576416
2016-11-15,4155.6201171875,9.97475910186767,775.159973144531,20.1354637145996,102.62548828125
2016-11-16,4150.2099609375,9.94161891937255,779.97998046875,20.0024299621582,105.384895324707
2016-11-17,4169.8701171875,9.83391857147216,786.159973144531,20.0879516601562,105.346557617187
2016-11-18,4160.580078125,9.7427864074707,775.969970703125,19.8408889770507,105.451972961425
2016-11-21,4191.68017578125,9.76764106750488,784.799987792968,20.0499420166015,107.052055358886
2016-11-22,4200.9501953125,9.85048770904541,785.0,19.5178108215332,107.119117736816
2016-11-23,4204.490234375,9.85877132415771,779.0,19.7173595428466,106.572975158691
2016-11-25,4221.02001953125,9.97475910186767,780.22998046875,21.1617164611816,107.109535217285
2016-11-28,4199.39013671875,9.87534236907959,785.789978027343,21.304250717163,106.898750305175
2016-11-29,4205.990234375,9.87534236907959,789.440002441406,21.2567386627197,106.793365478515
2016-11-30,4195.72998046875,9.90848159790039,775.880004882812,20.8101272583007,105.892700195312
2016-12-01,4181.14990234375,10.2978610992431,764.330017089843,20.4015274047851,104.9058303833
2016-12-02,4182.81005859375,10.1404514312744,764.460021972656,19.7838764190673,105.298675537109
2016-12-05,4207.56982421875,10.3061447143554,778.219970703125,20.0024299621582,104.541748046875
2016-12-06,4222.0400390625,10.4055624008178,776.179992675781,19.3847770690917,105.346557617187
2016-12-07,4278.43994140625,10.8197965621948,791.469970703125,19.5938301086425,106.381355285644
2016-12-08,4288.10009765625,10.7949409484863,795.169982910156,18.263500213623,107.425720214843
2016-12-09,4313.60986328125,10.9109296798706,809.450012207031,17.6458492279052,109.17911529541
2016-12-12,4308.93994140625,10.6209630966186,807.900024414062,17.9974365234375,108.55630493164
2016-12-13,4337.85986328125,10.5795412063598,815.340026855468,18.3870334625244,110.367195129394
2016-12-14,4302.93017578125,10.3807077407836,817.890014648437,18.4915561676025,110.367195129394
2016-12-15,4319.83984375,10.4221305847167,815.650024414062,18.7861309051513,110.970809936523
2016-12-16,4312.39990234375,10.4635543823242,809.840026855468,19.0426940917968,111.114532470703
2016-12-19,4321.02001953125,10.4884071350097,812.5,18.8716526031494,111.756469726562
2016-12-20,4337.35986328125,10.5878238677978,815.200012207031,19.1757259368896,112.053489685058
2016-12-21,4326.85009765625,10.4718389511108,812.200012207031,19.5178108215332,112.158889770507
2016-12-22,4319.330078125,10.2730064392089,809.679992675781,19.6033306121826,111.42113494873
2016-12-23,4325.169921875,10.3227128982543,807.799987792968,19.5083084106445,111.641487121582
2016-12-27,4334.93017578125,10.264720916748,809.929992675781,19.5843276977539,112.350517272949
2016-12-28,4299.4501953125,10.1487350463867,804.570007324218,19.75537109375,111.871452331542
2016-12-29,4298.39013671875,10.1321678161621,802.880004882812,20.0499420166015,111.842704772949
2016-12-30,4278.66015625,10.0493192672729,792.450012207031,20.6390857696533,110.970809936523
2017-01-03,4315.080078125,10.430417060852,808.010009765625,20.9051532745361,111.286987304687
2017-01-04,4340.75,10.9109296798706,807.77001953125,20.7721195220947,111.162437438964
2017-01-05,4337.4501953125,10.5795412063598,813.02001953125,21.0856971740722,111.727714538574
2017-01-06,4354.0498046875,10.5712566375732,825.210021972656,21.1617164611816,112.973304748535
2017-01-09,4338.6201171875,10.4635543823242,827.179992675781,21.209228515625,114.008079528808
2017-01-10,4338.64013671875,10.6458187103271,826.010009765625,21.4182796478271,114.123046875
2017-01-11,4351.31982421875,10.4966945648193,829.859985351562,21.5798187255859,114.736274719238
2017-01-12,4342.08984375,10.430417060852,829.530029296875,21.4467868804931,114.257194519042
2017-01-13,4350.10986328125,10.4635543823242,830.940002441406,21.4942989349365,114.05598449707
2017-01-17,4337.2001953125,10.4469861984252,827.460021972656,21.6273307800292,114.975791931152
2017-01-18,4345.56982421875,10.4469861984252,829.02001953125,21.5228061676025,114.96622467041
2017-01-19,4329.9599609375,10.4638223648071,824.369995117187,21.2852478027343,114.765007019042
2017-01-20,4344.669921875,10.404893875122,828.169982910156,21.6273307800292,114.975791931152
2017-01-23,4333.10009765625,10.3628034591674,844.429992675781,21.3992748260498,115.052444458007
2017-01-24,4361.56005859375,10.6153497695922,849.530029296875,21.3612651824951,114.947059631347
2017-01-25,4396.56982421875,10.7668771743774,858.450012207031,21.5228061676025,116.777084350585
2017-01-26,4393.43017578125,10.4133129119873,856.97998046875,21.5703182220459,116.834564208984
2017-01-27,4389.85009765625,10.5143299102783,845.030029296875,22.0739383697509,116.84415435791
2017-01-30,4363.669921875,10.4133129119873,823.830017089843,21.9504108428955,116.537559509277
2017-01-31,4359.81005859375,10.404893875122,820.190002441406,22.0264301300048,116.269256591796
2017-02-01,4362.10009765625,10.3712215423583,815.239990234375,22.7866153717041,123.35944366455
2017-02-02,4364.85009765625,10.3375482559204,818.260009765625,23.1096973419189,123.148666381835
2017-02-03,4396.9501953125,10.5732583999633,820.130004882812,23.2807369232177,123.675636291503
2017-02-06,4387.669921875,10.5395851135253,821.619995117187,22.8911418914794,124.834976196289
2017-02-07,4388.8701171875,10.3880586624145,829.22998046875,22.3780136108398,126.023040771484
2017-02-08,4393.31005859375,10.4217300415039,829.880004882812,22.8436298370361,126.511688232421
2017-02-09,4419.39990234375,10.4217300415039,830.059997558593,22.9861660003662,127.425857543945
2017-02-10,4435.419921875,10.5311660766601,834.849975585937,22.8531322479248,127.137176513671
2017-02-13,4459.830078125,10.5732583999633,838.960021972656,22.9576587677001,128.263061523437
2017-02-14,4478.97998046875,10.6490211486816,840.030029296875,23.233226776123,129.927810668945
2017-02-15,4501.990234375,10.6321859359741,837.320007324218,23.3472537994384,130.399322509765
2017-02-16,4498.56005859375,10.5564193725585,842.169982910156,23.6228237152099,130.245407104492
2017-02-17,4506.2001953125,10.5900936126708,846.549987792968,23.4042663574218,130.601425170898
2017-02-21,4533.4599609375,10.6826944351196,849.27001953125,23.7273483276367,131.544464111328
2017-02-22,4528.97021484375,10.6658582687377,851.359985351562,23.660831451416,131.938995361328
2017-02-23,4531.39013671875,10.5732583999633,851.0,23.8318729400634,131.380859375
2017-02-24,4539.25,10.4974946975708,847.809997558593,23.4802856445312,131.505996704101
2017-02-27,4544.509765625,10.6574392318725,849.669982910156,23.318748474121,131.76577758789
2017-02-28,4532.93017578125,10.5480041503906,844.929992675781,23.4137706756591,131.823516845703
2017-03-01,4595.72998046875,10.6826944351196,856.75,23.7558555603027,134.517913818359
2017-03-02,4569.169921875,10.6574392318725,849.849975585937,23.5373001098632,133.71922302246
2017-03-03,4571.60009765625,10.6490211486816,849.080017089843,23.5753097534179,134.50828552246
2017-03-06,4556.72021484375,10.5395851135253,847.27001953125,23.6703357696533,134.084869384765
2017-03-07,4543.75,10.4890756607055,851.150024414062,23.5848121643066,134.258087158203
2017-03-08,4534.68017578125,10.5480041503906,853.640014648437,23.660831451416,133.757705688476
2017-03-09,4538.35986328125,10.5227479934692,857.840026855468,23.4232730865478,133.449783325195
2017-03-10,4553.27978515625,10.5480041503906,861.409973144531,23.8413772583007,133.892440795898
2017-03-13,4556.43994140625,10.5564193725585,864.580017089843,23.9173946380615,133.950164794921
2017-03-14,4541.259765625,10.5648393630981,865.909973144531,23.77486038208,133.748077392578
2017-03-15,4579.43994140625,10.6490211486816,868.390014648437,24.0599288940429,135.162673950195
2017-03-16,4572.16015625,10.6911125183105,870.0,24.1549530029296,135.383972167968
2017-03-17,4566.169921875,10.505910873413,872.369995117187,24.3164939880371,134.710418701171
2017-03-20,4557.1201171875,10.3375482559204,867.909973144531,24.5160427093505,136.124954223632
2017-03-21,4500.97998046875,9.8661298751831,850.140014648437,24.7250957489013,134.566009521484
2017-03-22,4509.64990234375,9.90822124481201,849.799987792968,24.3925113677978,136.086441040039
2017-03-23,4504.919921875,9.82403945922851,839.650024414062,25.1051883697509,135.60530090332
2017-03-24,4501.10986328125,9.78194713592529,835.140014648437,25.190710067749,135.335861206054
2017-03-27,4496.52978515625,9.64725685119628,838.510009765625,25.4377708435058,135.566818237304
2017-03-28,4529.169921875,9.80720233917236,840.630004882812,25.2667274475097,138.376663208007
2017-03-29,4535.009765625,9.83245754241943,849.869995117187,25.2382202148437,138.684631347656
2017-03-30,4548.4599609375,9.83245754241943,849.47998046875,25.6088123321533,138.501770019531
2017-03-31,4538.2099609375,9.79878330230712,847.799987792968,25.8463726043701,138.241958618164
2017-04-03,4530.97998046875,9.63041877746582,856.75,25.7228393554687,138.280456542968
2017-04-04,4534.25,9.57149314880371,852.570007324218,25.9984092712402,139.310104370117
2017-04-05,4520.85986328125,9.47889232635498,848.909973144531,25.7988586425781,138.588394165039
2017-04-06,4530.93017578125,9.48731136322021,845.099975585937,26.1517391204834,138.241958618164
2017-04-07,4527.2001953125,9.45363807678222,842.099975585937,25.9293746948242,137.934020996093
2017-04-10,4530.56982421875,9.47047424316406,841.700012207031,26.0937309265136,137.770446777343
2017-04-11,4524.7099609375,9.49572849273681,839.880004882812,26.4901161193847,136.288543701171
2017-04-12,4507.759765625,9.45363807678222,841.460021972656,26.3450984954834,136.452087402343
2017-04-13,4477.06982421875,9.35261821746826,840.179992675781,26.2484188079834,135.730422973632
2017-04-17,4515.64990234375,9.49572849273681,855.130004882812,26.4224414825439,136.480972290039
2017-04-18,4502.66015625,9.5042610168457,853.989990234375,26.3547649383544,135.874740600585
2017-04-19,4495.56005859375,9.54691791534423,856.510009765625,26.673807144165,135.37434387207
2017-04-20,4529.64990234375,9.78580379486084,860.080017089843,26.8961696624755,137.067993164062
2017-04-21,4515.89990234375,9.67489433288574,858.950012207031,26.5674591064453,136.904373168945
2017-04-24,4564.93017578125,9.75167942047119,878.929992675781,27.1765384674072,138.222686767578
2017-04-25,4592.740234375,9.79433536529541,888.840026855468,27.7082748413085,139.079147338867
2017-04-26,4590.56005859375,9.89671802520752,889.140014648437,27.4762458801269,138.261184692382
2017-04-27,4593.56982421875,9.78580379486084,891.440002441406,27.5535888671875,138.367080688476
2017-04-28,4584.81982421875,9.78580379486084,924.52001953125,27.7082748413085,138.232330322265
2017-05-01,4592.77978515625,9.74314785003662,932.820007324218,28.0079803466796,141.051834106445
2017-05-02,4598.240234375,9.3165636062622,937.090026855468,28.1046600341796,141.94676208496
2017-05-03,4593.31982421875,9.44453907012939,948.450012207031,27.7082748413085,141.513748168945
2017-05-04,4596.240234375,9.38481712341308,954.719970703125,28.2110061645507,141.003723144531
2017-05-05,4615.08984375,9.5042610168457,950.280029296875,29.738540649414,143.342071533203
2017-05-08,4615.72998046875,9.49572849273681,958.690002441406,29.3904933929443,147.239334106445
2017-05-09,4611.2099609375,9.52132415771484,956.710021972656,29.0714511871337,148.182373046875
2017-05-10,4618.18994140625,9.41894340515136,954.840026855468,29.1004562377929,147.479904174804
2017-05-11,4609.68994140625,9.39334869384765,955.890014648437,29.0714511871337,148.755340576171
2017-05-12,4602.9599609375,9.3165636062622,955.140014648437,29.3421535491943,150.83283996582
2017-05-15,4625.509765625,9.33362674713134,959.219970703125,29.5355110168457,150.446319580078
2017-05-16,4623.259765625,9.33362674713134,964.609985351562,29.4194965362548,150.224075317382
2017-05-17,4540.580078125,9.18005752563476,942.169982910156,28.443037033081,145.180206298828
2017-05-18,4557.41015625,9.20565223693847,950.5,28.9844398498535,147.392944335937
2017-05-19,4588.35009765625,9.27390480041503,954.650024414062,29.2164707183837,147.895401000976
2017-05-22,4612.1201171875,9.47013473510742,964.070007324218,29.5161762237548,148.794006347656
2017-05-23,4620.7001953125,9.42747592926025,970.549987792968,29.2261371612548,148.610412597656
2017-05-24,4632.3701171875,9.3506908416748,977.609985351562,29.0231132507324,148.165939331054
2017-05-25,4653.58984375,9.26537418365478,991.859985351562,29.1487941741943,148.678024291992
2017-05-26,4655.64990234375,9.32509517669677,993.27001953125,29.0327796936035,148.426834106445
2017-05-30,4650.759765625,9.45307064056396,996.169982910156,28.539716720581,148.484786987304
2017-05-31,4649.33984375,9.48719787597656,987.090026855468,28.5010433197021,147.605514526367
2017-06-01,4685.10986328125,9.73461437225341,988.289978027343,28.5010433197021,148.011337280273
2017-06-02,4702.56005859375,9.68342399597168,996.119995117187,28.1143264770507,150.20474243164
2017-06-05,4697.0,9.59811019897461,1003.88000488281,28.0369834899902,148.736038208007
2017-06-06,4683.9599609375,9.48719787597656,996.679992675781,29.3518238067626,149.238494873046
2017-06-07,4692.2900390625,9.44453907012939,1001.5,29.4581680297851,150.12744140625
2017-06-08,4693.669921875,9.47013473510742,1004.28002929687,29.5065097808837,149.760284423828
2017-06-09,4689.7900390625,9.49572849273681,970.119995117187,29.7675437927246,143.953048706054
2017-06-12,4685.5400390625,9.62370300292968,961.809997558593,29.593521118164,140.51316833496
2017-06-13,4707.8798828125,9.61517238616943,970.5,29.9802379608154,141.643692016601
2017-06-14,4703.52978515625,9.57251262664795,967.929992675781,29.6805324554443,140.261932373046
2017-06-15,4693.85986328125,9.5895767211914,960.179992675781,29.0617847442626,139.421295166015
2017-06-16,4695.22998046875,9.57251262664795,958.619995117187,29.0037765502929,137.469467163085
2017-06-19,4734.47998046875,9.5895767211914,975.219970703125,28.8780937194824,141.402145385742
2017-06-20,4702.81982421875,9.48719787597656,968.989990234375,28.3076858520507,140.117034912109
2017-06-21,4700.5,9.41894340515136,978.590026855468,28.7137393951416,140.947998046875
2017-06-22,4698.39990234375,9.49572849273681,976.619995117187,28.5010433197021,140.716110229492
2017-06-23,4705.72998046875,9.41894340515136,986.090026855468,28.5493850708007,141.344177246093
2017-06-26,4707.27001953125,9.53838729858398,972.090026855468,28.0756568908691,140.899688720703
2017-06-27,4669.27001953125,9.45307064056396,948.090026855468,28.3076858520507,138.880172729492
2017-06-28,4711.330078125,9.4616003036499,961.010009765625,28.8974285125732,140.909347534179
2017-06-29,4670.9599609375,9.52985572814941,937.820007324218,28.6170597076416,138.831878662109
2017-06-30,4678.35986328125,9.54691791534423,929.679992675781,29.7482070922851,139.160446166992
2017-07-03,4689.60986328125,9.86258888244628,919.460021972656,30.1445922851562,138.657958984375
2017-07-05,4697.33984375,9.64076900482177,932.260009765625,30.4346294403076,139.228057861328
2017-07-06,4655.02001953125,9.53838729858398,927.690002441406,30.3959579467773,137.913970947265
2017-07-07,4684.8798828125,9.60664081573486,940.809997558593,30.6279888153076,139.315017700195
2017-07-10,4689.25,9.67489433288574,951.0,30.5603141784667,140.165328979492
2017-07-11,4685.64013671875,9.7090196609497,953.530029296875,30.4249610900878,140.619491577148
2017-07-12,4720.27978515625,9.78580379486084,967.659973144531,30.5216407775878,140.822387695312
2017-07-13,4729.25,9.89671802520752,968.849975585937,30.5216407775878,142.783874511718
2017-07-14,4751.43017578125,9.96497058868408,976.909973144531,30.7633380889892,144.011016845703
2017-07-17,4751.330078125,10.0161590576171,975.960021972656,30.8696880340576,144.513473510742
2017-07-18,4754.27001953125,10.024691581726,986.950012207031,30.9276943206787,145.015960693359
2017-07-19,4780.25,10.0929441452026,992.77001953125,30.6279888153076,145.924209594726
2017-07-20,4779.83984375,10.1102247238159,992.190002441406,30.9373626708984,145.267150878906
2017-07-21,4778.06982421875,9.96332550048828,993.840026855468,31.02437210083,145.199523925781
2017-07-24,4773.10009765625,9.75593757629394,998.309997558593,30.7633380889892,146.958129882812
2017-07-25,4787.0400390625,9.73865509033203,969.030029296875,31.0823822021484,147.586212158203
2017-07-26,4788.41015625,9.55718898773193,965.309997558593,31.8364810943603,148.281906127929
2017-07-27,4784.259765625,9.66088390350341,952.510009765625,30.8310146331787,145.479766845703
2017-07-28,4778.02001953125,9.65224266052246,958.330017089843,31.2854080200195,144.455535888671
2017-07-31,4774.56005859375,9.69544887542724,945.5,31.41109085083,143.711486816406
2017-08-01,4786.27001953125,9.4621353149414,946.559997558593,31.21773147583,144.98696899414
2017-08-02,4789.5400390625,9.50534152984619,947.640014648437,31.02437210083,151.83772277832
2017-08-03,4779.990234375,9.44485187530517,940.299987792968,30.2606048583984,150.320693969726
2017-08-04,4789.10986328125,9.4621353149414,945.789978027343,30.5313091278076,151.113021850585
2017-08-07,4797.1298828125,9.4362096786499,945.75,30.7730083465576,153.451370239257
2017-08-08,4786.1201171875,9.41028785705566,944.190002441406,30.9857006072998,154.678512573242
2017-08-09,4784.93994140625,9.4362096786499,940.080017089843,31.26607131958,155.625442504882
2017-08-10,4717.39990234375,9.30659294128418,923.590026855468,30.8696880340576,150.668502807617
2017-08-11,4723.72998046875,9.30659294128418,930.090026855468,31.0050354003906,152.763809204101
2017-08-14,4771.43017578125,9.42757034301757,938.929992675781,31.0630455017089,155.06282043457
2017-08-15,4770.14990234375,9.36708164215087,938.080017089843,30.792345046997,156.760421752929
2017-08-16,4778.27978515625,9.33251762390136,944.27001953125,31.6431217193603,156.1298828125
2017-08-17,4704.72998046875,9.19425773620605,927.659973144531,29.1294574737548,153.132415771484
2017-08-18,4696.22021484375,9.12512874603271,926.179992675781,30.0479125976562,152.783203125
2017-08-21,4701.81982421875,9.13376998901367,920.869995117187,29.593521118164,152.501922607421
2017-08-22,4748.72998046875,9.20289897918701,940.400024414062,29.1197929382324,154.994903564453
2017-08-23,4732.759765625,9.25474643707275,942.580017089843,29.0521144866943,155.188934326171
2017-08-24,4723.02978515625,9.25474643707275,936.890014648437,28.9070968627929,154.500198364257
2017-08-25,4731.4599609375,9.34979820251464,930.5,29.206802368164,155.072525024414
2017-08-28,4733.97021484375,9.32387733459472,928.130004882812,29.1294574737548,156.634307861328
2017-08-29,4738.6201171875,9.36708164215087,935.75,28.9941082000732,158.031204223632
2017-08-30,4761.72021484375,9.45349311828613,943.630004882812,28.9361000061035,158.458023071289
2017-08-31,4789.18017578125,9.53126525878906,955.239990234375,29.2841472625732,159.088562011718
2017-09-01,4798.990234375,9.80778408050537,951.989990234375,29.593521118164,159.13703918457
2017-09-05,4762.75,9.81642436981201,941.47998046875,29.4871730804443,157.226043701171
2017-09-06,4777.68994140625,9.93740177154541,942.02001953125,29.1971359252929,157.061126708984
2017-09-07,4777.93017578125,9.85098838806152,949.890014648437,29.2841472625732,156.430603027343
2017-09-08,4771.02001953125,9.81642436981201,941.409973144531,29.1681308746337,153.879348754882
2017-09-11,4822.7998046875,9.85963153839111,943.289978027343,29.5838527679443,156.663421630859
2017-09-12,4839.31005859375,10.0151739120483,946.650024414062,29.4194965362548,156.042587280273
2017-09-13,4843.0400390625,10.0410957336425,950.440002441406,28.781415939331,154.868789672851
2017-09-14,4839.2900390625,9.98924922943115,940.130004882812,28.8974285125732,153.539840698242
2017-09-15,4848.83984375,10.0410957336425,935.289978027343,28.2013397216796,155.091934204101
2017-09-18,4856.080078125,10.0497388839721,929.75,28.7524108886718,153.918136596679
2017-09-19,4861.52001953125,10.1275091171264,936.859985351562,28.9457702636718,153.976364135742
2017-09-20,4864.60986328125,10.1188678741455,947.539978027343,29.0327796936035,151.396041870117
2017-09-21,4849.9501953125,10.1275091171264,947.549987792968,28.9264335632324,148.796295166015
2017-09-22,4853.2001953125,10.2312049865722,943.260009765625,28.3366889953613,147.341217041015
2017-09-25,4842.41015625,10.3176155090332,934.280029296875,28.2013397216796,146.041320800781
2017-09-26,4843.14013671875,10.3089742660522,937.429992675781,27.9499721527099,148.553771972656
2017-09-27,4862.93017578125,10.3262567520141,959.900024414062,28.2206764221191,149.611129760742
2017-09-28,4869.81005859375,10.3348989486694,964.809997558593,29.2358074188232,148.689575195312
2017-09-29,4887.97021484375,10.343539237976,973.719970703125,29.1584644317626,149.504440307617
2017-10-02,4906.919921875,10.4472341537475,967.469970703125,28.5783863067626,149.203720092773
2017-10-03,4917.72998046875,10.6632652282714,972.080017089843,28.0659885406494,149.853637695312
2017-10-04,4924.18994140625,10.6287012100219,966.780029296875,28.7717475891113,148.883590698242
2017-10-05,4952.85009765625,10.5854940414428,985.190002441406,29.0037765502929,150.736404418945
2017-10-06,4949.08984375,10.6373424530029,993.640014648437,28.5493850708007,150.649063110351
2017-10-09,4940.16015625,10.6632652282714,992.309997558593,28.6073932647705,151.172897338867
2017-10-10,4951.77001953125,10.7064714431762,987.799987792968,29.3904933929443,151.231124877929
2017-10-11,4960.7900390625,10.6978302001953,1005.65002441406,29.4775047302246,151.86164855957
2017-10-12,4952.85009765625,10.4731588363647,1005.65002441406,29.4871730804443,151.328140258789
2017-10-13,4957.27001953125,10.412670135498,1007.86999511718,29.3131504058837,152.288497924804
2017-10-16,4966.0498046875,10.4731588363647,1009.34997558593,28.249677658081,155.091934204101
2017-10-17,4969.3798828125,10.6027774810791,1011.0,27.9596405029296,155.664260864257
2017-10-18,4973.27978515625,10.5336456298828,1012.73999023437,27.9209671020507,154.975524902343
2017-10-19,4975.31982421875,10.5682106018066,1001.84002685546,27.4665756225585,151.308715820312
2017-10-20,5001.10986328125,10.585708618164,1005.07000732421,27.4955806732177,151.57063293457
2017-10-23,4981.3701171875,10.533218383789,985.539978027343,27.1862087249755,151.493026733398
2017-10-24,4989.56005859375,10.6644439697265,988.489990234375,27.3022212982177,152.395187377929
2017-10-25,4966.2900390625,10.533218383789,991.460021972656,27.6115951538085,151.725845336914
2017-10-26,4972.60009765625,10.7344341278076,991.419982910156,28.0273170471191,152.695907592773
2017-10-27,5012.75,10.5507154464721,1033.67004394531,27.8919658660888,158.1669921875
2017-10-30,4997.14990234375,10.585708618164,1033.13000488281,28.4817066192626,161.727111816406
2017-10-31,5002.02978515625,10.7344341278076,1033.0400390625,28.4623737335205,163.977584838867
2017-11-01,5009.990234375,10.8044214248657,1042.59997558593,28.7910823822021,161.892013549804
2017-11-02,5011.47998046875,10.8656606674194,1042.96997070312,28.6750679016113,163.075469970703
2017-11-03,5027.490234375,10.8131704330444,1049.98999023437,25.9970512390136,167.333984375
2017-11-06,5034.2998046875,10.7869243621826,1042.68005371093,26.4031047821044,169.031585693359
2017-11-07,5033.3798828125,10.638198852539,1052.39001464843,25.5039882659912,169.574798583984
2017-11-08,5040.740234375,10.5507154464721,1058.2900390625,26.3934364318847,170.961975097656
2017-11-09,5023.009765625,10.533218383789,1047.71997070312,22.0815410614013,170.61279296875
2017-11-10,5020.31005859375,10.5069723129272,1044.15002441406,20.8633842468261,170.048095703125
2017-11-13,5025.35986328125,10.638198852539,1041.19995117187,20.6313533782959,169.366638183593
2017-11-14,5014.52978515625,10.5157203674316,1041.64001464843,20.1962966918945,166.806213378906
2017-11-15,4987.9599609375,10.4982242584228,1036.41003417968,21.2501010894775,164.606018066406
2017-11-16,5030.47998046875,10.533218383789,1048.46997070312,21.3951187133789,166.572570800781
2017-11-17,5017.4501953125,10.5069723129272,1035.89001464843,21.1534214019775,165.647689819335
2017-11-20,5024.009765625,10.6119537353515,1034.66003417968,20.3896560668945,165.482208251953
2017-11-21,5056.9501953125,10.6032066345214,1050.30004882812,19.5582122802734,168.55857849121
2017-11-22,5053.60009765625,10.5594635009765,1051.92004394531,19.6935653686523,170.330444335937
2017-11-24,5064.22998046875,10.585708618164,1056.52001953125,19.0071411132812,170.340179443359
2017-11-27,5062.85009765625,10.5944557189941,1072.01000976562,18.5624179840087,169.483444213867
2017-11-28,5112.91015625,10.6819419860839,1063.2900390625,19.9932689666748,168.490463256835
2017-11-29,5111.68017578125,10.9881410598754,1037.38000488281,20.031940460205,164.995452880859
2017-11-30,5155.43994140625,10.9531469345092,1036.17004394531,20.5926799774169,167.302734375
2017-12-01,5145.2099609375,11.0056371688842,1025.06994628906,19.9449291229248,166.523895263671
2017-12-04,5139.91015625,11.0493793487548,1011.86999511718,18.8621215820312,165.306976318359
2017-12-05,5120.919921875,10.8744087219238,1019.59997558593,18.6687622070312,165.151184082031
2017-12-06,5120.4599609375,10.8306674957275,1032.71997070312,18.9007930755615,164.537887573242
2017-12-07,5136.3701171875,10.9618959426879,1044.56994628906,19.8289165496826,164.83967590332
2017-12-08,5165.18994140625,11.0318822860717,1049.38000488281,20.370319366455,164.888366699218
2017-12-11,5181.75,11.0056371688842,1051.96997070312,20.4283275604248,168.101028442382
2017-12-12,5189.9599609375,11.0231342315673,1048.77001953125,20.0222740173339,167.156677246093
2017-12-13,5187.68017578125,11.0493793487548,1051.39001464843,20.2639713287353,167.711624145507
2017-12-14,5167.4501953125,10.9006547927856,1057.46997070312,21.5691413879394,167.662948608398
2017-12-15,5214.10009765625,11.0056371688842,1072.0,21.4821300506591,169.366638183593
2017-12-18,5242.27978515625,11.0756244659423,1085.08996582031,22.2555656433105,171.751815795898
2017-12-19,5225.43017578125,11.1018695831298,1079.78002929687,21.9461917877197,169.92153930664
2017-12-20,5221.7900390625,11.1281156539917,1073.56005859375,22.3522453308105,169.736587524414
2017-12-21,5232.16015625,11.0493793487548,1070.84997558593,22.3619117736816,170.379119873046
2017-12-22,5229.7900390625,11.0056371688842,1068.85998535156,22.2458972930908,170.379119873046
2017-12-26,5224.509765625,11.0231342315673,1065.84997558593,22.2265605926513,166.056594848632
2017-12-27,5229.009765625,10.9356489181518,1060.19995117187,22.5842742919921,166.085815429687
2017-12-28,5239.58984375,11.0056371688842,1055.94995117187,22.3909149169921,166.553100585937
2017-12-29,5212.759765625,10.9268999099731,1053.40002441406,22.3135719299316,164.752059936523
2018-01-02,5256.27978515625,11.0756244659423,1073.2099609375,23.0580024719238,167.701889038085
2018-01-03,5289.919921875,11.1631126403808,1091.52001953125,22.6422824859619,167.672668457031
2018-01-04,5312.330078125,11.355577468872,1095.76000976562,21.9171867370605,168.451507568359
2018-01-05,5349.68994140625,11.5480451583862,1110.2900390625,22.4199199676513,170.369384765625
2018-01-08,5358.68017578125,11.5043020248413,1114.2099609375,22.6906223297119,169.736587524414
2018-01-09,5367.259765625,11.4430637359619,1112.7900390625,22.3619117736816,169.71711730957
2018-01-10,5361.330078125,11.3993196487426,1110.14001464843,21.9171867370605,169.678161621093
2018-01-11,5399.4599609375,11.51305103302,1112.05004882812,21.9655246734619,170.641967773437
2018-01-12,5435.919921875,11.5742902755737,1130.65002441406,22.381248474121,172.404098510742
2018-01-16,5416.85986328125,11.460560798645,1130.69995117187,23.0193290710449,171.527893066406
2018-01-17,5467.85009765625,10.6556968688964,1139.09997558593,23.1836853027343,174.360885620117
2018-01-18,5459.5,10.5594635009765,1135.96997070312,23.3093681335449,174.516632080078
2018-01-19,5483.56982421875,10.4982242584228,1143.5,23.0096626281738,173.737838745117
2018-01-22,5527.89013671875,10.5157203674316,1164.16003417968,23.3480396270751,172.316452026367
2018-01-23,5540.1298828125,10.4632291793823,1176.17004394531,23.4253826141357,172.355392456054
2018-01-24,5537.02978515625,10.5419664382934,1171.2900390625,22.603609085083,169.61001586914
2018-01-25,5540.3798828125,10.1220369338989,1182.14001464843,21.7818374633789,166.582321166992
2018-01-26,5606.080078125,10.192024230957,1187.56005859375,21.7334957122802,166.971725463867
2018-01-29,5568.669921875,9.9679250717163,1186.47998046875,21.2887725830078,163.515670776367
2018-01-30,5508.35986328125,9.91414260864257,1177.36999511718,21.9461917877197,162.551864624023
2018-01-31,5511.2099609375,9.83346652984619,1182.21997070312,21.9655246734619,162.999694824218
2018-02-01,5508.7001953125,9.78864574432373,1181.58996582031,22.3039054870605,163.340423583984
2018-02-02,5392.2099609375,9.60040378570556,1119.19995117187,21.5788097381591,156.253067016601
2018-02-05,5171.259765625,9.17909622192382,1062.39001464843,20.5443420410156,152.349166870117
2018-02-06,5262.02001953125,9.64522266387939,1084.43005371093,22.042869567871,158.716110229492
2018-02-07,5235.83984375,9.64522266387939,1055.41003417968,22.381248474121,155.318435668945
2018-02-08,5040.06005859375,9.34941291809082,1007.71002197265,21.4531269073486,151.044631958007
2018-02-09,5116.990234375,9.43905258178711,1046.27001953125,22.5262660980224,152.892105102539
2018-02-12,5188.3701171875,9.59143924713134,1054.56005859375,22.9323196411132,159.050415039062
2018-02-13,5202.22021484375,9.49283504486084,1054.14001464843,22.5842742919921,160.643783569335
2018-02-14,5273.43017578125,9.62729454040527,1072.69995117187,23.2320251464843,163.605590820312
2018-02-15,5338.35009765625,9.64522266387939,1091.35998535156,23.0193290710449,169.099212646484
2018-02-16,5340.81982421875,9.51076316833496,1095.5,22.8839797973632,168.551803588867
2018-02-20,5309.990234375,9.52869224548339,1103.58996582031,23.7250900268554,167.98484802246
2018-02-21,5280.91015625,9.50180053710937,1113.75,23.4640560150146,167.222412109375
2018-02-22,5286.490234375,9.52869224548339,1109.90002441406,23.5607357025146,168.620223999023
2018-02-23,5371.56005859375,9.59143924713134,1128.08996582031,23.7830963134765,171.552734375
2018-02-26,5435.3798828125,9.76175498962402,1143.69995117187,23.9764537811279,174.944702148437
2018-02-27,5367.08984375,9.51076316833496,1117.51000976562,23.6284122467041,174.377746582031
2018-02-28,5308.08984375,9.51076316833496,1103.92004394531,23.2610282897949,174.113830566406
2018-03-01,5238.18017578125,9.2239179611206,1071.41003417968,23.2223587036132,171.063995361328
2018-03-02,5265.240234375,9.32251930236816,1084.14001464843,23.0483360290527,172.246780395507
2018-03-05,5323.35986328125,9.48387145996093,1094.76000976562,23.1740169525146,172.843078613281
2018-03-06,5337.68994140625,9.52869224548339,1100.90002441406,23.2223587036132,172.69644165039
2018-03-07,5335.47021484375,9.52869224548339,1115.0400390625,23.4350528717041,171.093338012695
2018-03-08,5360.72998046875,9.51076316833496,1129.38000488281,23.4350528717041,172.960372924804
2018-03-09,5454.02978515625,9.61833000183105,1160.83996582031,23.0193290710449,175.931991577148
2018-03-12,5447.10009765625,9.69004344940185,1165.93005371093,22.9709911346435,177.632843017578
2018-03-13,5412.75,9.66315078735351,1139.91003417968,22.9323196411132,175.922210693359
2018-03-14,5383.27001953125,9.87828636169433,1148.89001464843,23.4350528717041,174.426620483398
2018-03-15,5379.39013671875,9.92310619354248,1150.60998535156,23.0096626281738,174.631881713867
2018-03-16,5388.740234375,9.99481773376464,1134.42004394531,22.7679634094238,174.016082763671
2018-03-19,5312.22998046875,9.86932373046875,1100.06994628906,23.0193290710449,171.357238769531
2018-03-20,5320.2001953125,9.85139274597168,1095.80004882812,23.4543876647949,171.298614501953
2018-03-21,5310.9599609375,9.94999694824218,1094.0,23.6187419891357,167.417892456054
2018-03-22,5177.52001953125,9.63625907897949,1053.15002441406,23.1740169525146,165.052322387695
2018-03-23,5069.02978515625,9.46594429016113,1026.55004882812,23.1353454589843,161.230270385742
2018-03-26,5206.68994140625,9.70797157287597,1054.08996582031,23.8604393005371,168.884155273437
2018-03-27,5116.75,9.70797157287597,1006.9400024414,23.1063423156738,164.553802490234
2018-03-28,5102.68994140625,9.73486232757568,1005.17999267578,22.9806594848632,162.735626220703
2018-03-29,5173.18994140625,9.93206882476806,1037.14001464843,23.1353454589843,164.006378173828
2018-04-02,5057.68994140625,9.73486232757568,1012.63000488281,22.6519508361816,162.931121826171
2018-04-03,5121.7001953125,9.99481773376464,1018.67999267578,23.5607357025146,164.602676391601
2018-04-04,5181.31005859375,10.1561689376831,1029.7099609375,23.1055355072021,167.750244140625
2018-04-05,5217.6201171875,10.1740980148315,1032.64001464843,23.09566116333,168.913482666015
2018-04-06,5103.35009765625,10.0217103958129,1009.95001220703,23.5597476959228,164.592910766601
2018-04-09,5121.89990234375,10.0844564437866,1020.09002685546,23.7276096343994,166.225341796875
2018-04-10,5207.72998046875,10.2637357711792,1036.5,23.5597476959228,169.353378295898
2018-04-11,5179.18994140625,10.2458086013793,1025.06005859375,22.7796897888183,168.561569213867
2018-04-12,5222.5498046875,10.1382417678833,1037.2900390625,22.4933395385742,170.223358154296
2018-04-13,5207.56982421875,10.1113481521606,1036.0400390625,22.56245803833,170.800048828125
2018-04-16,5249.93994140625,10.2009887695312,1046.09997558593,22.7105693817138,171.865585327148
2018-04-17,5305.89990234375,10.2009887695312,1079.35998535156,22.463716506958,174.231124877929
2018-04-18,5310.31982421875,10.1561689376831,1075.39001464843,22.4143466949462,173.840133666992
2018-04-19,5280.56982421875,9.95631599426269,1089.44995117187,22.7500667572021,168.913482666015
2018-04-20,5235.75,9.8291368484497,1077.31994628906,22.4242191314697,161.992706298828
2018-04-23,5236.0400390625,10.0289897918701,1073.81005859375,22.4242191314697,161.523513793945
2018-04-24,5166.10009765625,9.95631599426269,1022.64001464843,21.802146911621,159.275253295898
2018-04-25,5175.58984375,10.0925788879394,1022.98999023437,21.9206371307373,159.969268798828
2018-04-26,5229.60986328125,10.3832740783691,1043.31005859375,21.8613910675048,160.526473999023
2018-04-27,5235.72998046875,10.4377794265747,1031.44995117187,21.8317699432373,158.669204711914
2018-04-30,5193.0400390625,10.2106742858886,1018.58001708984,21.2788162231445,161.543045043945
2018-05-01,5206.31005859375,10.2288436889648,1040.75,21.4269294738769,165.296691894531
2018-05-02,5168.7900390625,10.1834211349487,1026.05004882812,21.624412536621,172.598678588867
2018-05-03,5157.7001953125,10.1743392944335,1026.30004882812,21.891014099121,172.911483764648
2018-05-04,5224.7099609375,10.3196840286254,1051.0,21.9897575378417,179.695419311523
2018-05-07,5242.8701171875,10.3015165328979,1059.4599609375,22.8290615081787,180.995468139648
2018-05-08,5241.52978515625,10.2379283905029,1058.58996582031,22.8586826324462,181.865463256835
2018-05-09,5292.89990234375,10.0471582412719,1088.94995117187,23.2240276336669,183.14599609375
2018-05-10,5343.7001953125,10.1834211349487,1105.46997070312,23.3030204772949,185.765716552734
2018-05-11,5354.68994140625,10.1652526855468,1103.38000488281,23.3721389770507,185.059204101562
2018-05-14,5359.66015625,10.1561698913574,1106.59997558593,23.0166683197021,184.62744140625
2018-05-15,5323.22998046875,10.1925067901611,1084.86999511718,22.6809463500976,182.949462890625
2018-05-16,5346.330078125,10.3560218811035,1084.08996582031,22.8290615081787,184.656860351562
2018-05-17,5343.2900390625,10.410527229309,1081.26000976562,23.4511318206787,183.489166259765
2018-05-18,5329.66015625,10.2924318313598,1069.64001464843,23.3721389770507,182.821884155273
2018-05-21,5369.18994140625,10.4559478759765,1084.01000976562,23.5202503204345,184.11717224121
2018-05-22,5352.4501953125,10.4650335311889,1075.31005859375,23.5399990081787,183.655975341796
2018-05-23,5369.990234375,10.3923578262329,1085.9599609375,22.9376754760742,184.833526611328
2018-05-24,5359.31982421875,10.5558748245239,1085.44995117187,22.3057289123535,184.62744140625
2018-05-25,5347.31005859375,10.4559478759765,1084.07995605468,22.1872386932373,185.049392700195
2018-05-29,5285.7001953125,10.3923578262329,1068.06994628906,21.0813331604003,184.382110595703
2018-05-30,5353.759765625,10.4922857284545,1077.46997070312,21.2985649108886,183.989608764648
2018-05-31,5318.10009765625,10.4922857284545,1100.0,21.5947914123535,183.371398925781
2018-06-01,5376.2900390625,10.6376333236694,1135.0,21.8416442871093,186.678314208984
2018-06-04,5400.5,10.664885520935,1153.0400390625,21.713279724121,188.238571166992
2018-06-05,5404.6201171875,10.7466440200805,1151.02001953125,21.7429027557373,189.690826416015
2018-06-06,5451.08984375,10.8738241195678,1146.94995117187,21.713279724121,190.34829711914
2018-06-07,5448.18017578125,10.9283275604248,1134.42004394531,21.4762992858886,189.838027954101
2018-06-08,5465.419921875,10.9919185638427,1132.7099609375,21.2294464111328,188.110961914062
2018-06-11,5471.2900390625,10.9283275604248,1140.90002441406,21.6737842559814,187.649780273437
2018-06-12,5481.06982421875,11.0010023117065,1148.18994140625,21.3775577545166,188.680099487304
2018-06-13,5459.2099609375,10.9192457199096,1144.22998046875,21.3380622863769,187.129684448242
2018-06-14,5474.3701171875,10.8011503219604,1160.10998535156,21.1899490356445,187.227844238281
2018-06-15,5469.3701171875,10.792064666748,1159.27001953125,21.4565505981445,185.304504394531
2018-06-18,5457.830078125,10.8919925689697,1183.57995605468,21.4071807861328,185.206390380859
2018-06-19,5436.1298828125,10.8011503219604,1178.68994140625,21.3676834106445,182.213485717773
2018-06-20,5445.43017578125,10.7829809188842,1184.06994628906,20.9825916290283,183.008331298828
2018-06-21,5411.39990234375,10.6376333236694,1169.43994140625,20.9035987854003,181.987808227539
2018-06-22,5421.6298828125,10.5831270217895,1169.2900390625,21.1010818481445,181.457901000976
2018-06-25,5347.22998046875,10.4468650817871,1139.28002929687,20.7949829101562,178.759384155273
2018-06-26,5359.009765625,10.4650335311889,1132.61999511718,20.32102394104,180.977096557617
2018-06-27,5312.89013671875,10.3741912841796,1116.93994140625,19.9853019714355,180.712158203125
2018-06-28,5346.43994140625,10.2470111846923,1126.78002929687,19.8569374084472,182.027038574218
2018-06-29,5350.830078125,10.05624294281,1129.18994140625,20.2815265655517,181.64436340332
2018-07-02,5367.490234375,10.0834951400756,1142.10998535156,19.738447189331,183.675582885742
2018-07-03,5340.93017578125,9.983567237854,1116.28002929687,20.0741691589355,180.476638793945
2018-07-05,5388.27978515625,10.0380744934082,1141.2900390625,19.8569374084472,181.928924560546
2018-07-06,5434.35986328125,10.0471582412719,1155.07995605468,19.9951763153076,184.450790405273
2018-07-09,5483.89013671875,10.1743392944335,1167.28002929687,20.4395141601562,187.011947631835
2018-07-10,5503.0498046875,10.2197589874267,1167.14001464843,20.5974998474121,186.786254882812
2018-07-11,5464.009765625,10.05624294281,1171.4599609375,19.9458065032959,184.362503051757
2018-07-12,5512.35986328125,10.0380744934082,1201.26000976562,20.1235389709472,187.453506469726
2018-07-13,5518.330078125,9.97448444366455,1204.42004394531,20.0445461273193,187.747894287109
2018-07-16,5512.919921875,9.85638999938964,1196.51000976562,20.1531620025634,187.33576965332
2018-07-17,5534.91015625,9.8654727935791,1213.07995605468,20.4691352844238,187.865646362304
2018-07-18,5546.85986328125,9.87455654144287,1212.91003417968,20.5382537841796,186.835327148437
2018-07-19,5525.509765625,9.8291368484497,1199.09997558593,20.5974998474121,188.287612915039
2018-07-20,5520.5,9.72780704498291,1197.88000488281,21.6737842559814,187.855834960937
2018-07-23,5530.66015625,9.6448974609375,1211.0,21.3973064422607,188.022659301757
2018-07-24,5557.3701171875,9.73701572418212,1258.15002441406,21.2788162231445,189.386642456054
2018-07-25,5607.990234375,9.69095802307128,1275.93994140625,21.3775577545166,191.172576904296
2018-07-26,5590.990234375,9.11060714721679,1285.5,21.6737842559814,190.573989868164
2018-07-27,5554.31005859375,9.14745426177978,1252.89001464843,20.6863670349121,187.40444946289
2018-07-30,5522.81005859375,9.27642154693603,1230.0400390625,20.9628429412841,186.35447692871
2018-07-31,5549.9599609375,9.24878406524658,1227.21997070312,21.1603279113769,186.72737121582
2018-08-01,5544.18994140625,9.11981678009033,1232.98999023437,20.9825916290283,197.727493286132
2018-08-02,5572.080078125,9.1382417678833,1241.13000488281,20.6172466278076,203.507217407226
2018-08-03,5598.7099609375,9.24878406524658,1238.16003417968,20.6962394714355,204.095993041992
2018-08-06,5619.0498046875,9.23957252502441,1237.67004394531,20.6567440032959,205.155792236328
2018-08-07,5634.97998046875,9.28563213348388,1255.83996582031,20.5086326599121,203.232482910156
2018-08-08,5633.669921875,9.25799655914306,1261.32995605468,20.8739757537841,203.369857788085
2018-08-09,5627.0,9.12902927398681,1264.4599609375,20.9134731292724,204.969329833984
2018-08-10,5588.66015625,8.97242641448974,1252.51000976562,20.40989112854,204.358810424804
2018-08-13,5566.35986328125,8.71449184417724,1248.64001464843,20.1630363464355,205.678344726562
2018-08-14,5602.41015625,8.75134086608886,1258.14001464843,19.8174400329589,206.544891357421
2018-08-15,5560.85009765625,8.70527935028076,1232.21997070312,20.3111476898193,207.027420043945
2018-08-16,5606.56005859375,8.76055240631103,1224.06005859375,20.0642948150634,210.060333251953
2018-08-17,5625.66015625,8.79740047454834,1215.84997558593,20.7456130981445,214.255233764648
2018-08-20,5639.52978515625,8.95400238037109,1221.94995117187,21.268943786621,212.16763305664
2018-08-21,5651.39013671875,9.08296966552734,1217.41003417968,22.1576175689697,211.754028320312
2018-08-22,5649.31005859375,8.92636585235595,1221.75,22.1773643493652,211.763900756835
2018-08-23,5640.10009765625,8.87109565734863,1221.16003417968,22.1181201934814,212.197189331054
2018-08-24,5675.1201171875,8.9171552658081,1236.75,22.3649749755859,212.856948852539
2018-08-27,5719.2998046875,9.20272541046142,1256.27001953125,23.09566116333,214.609741210937
2018-08-28,5720.89013671875,9.22114753723144,1245.85998535156,23.4511318206787,216.342849731445
2018-08-29,5754.0,9.18430042266845,1264.65002441406,23.2240276336669,219.572723388671
2018-08-30,5729.4501953125,8.93557834625244,1254.43994140625,22.9376754760742,221.591384887695
2018-08-31,5730.7998046875,8.73291587829589,1231.80004882812,22.8290615081787,224.151657104492
2018-09-04,5721.85986328125,8.72370529174804,1211.31005859375,22.0095062255859,224.870498657226
2018-09-05,5705.85986328125,8.74212741851806,1199.09997558593,21.7823982238769,223.403274536132
2018-09-06,5686.7001953125,8.68685817718505,1183.98999023437,21.9996318817138,219.69090270996
2018-09-07,5674.580078125,8.53946590423584,1177.58996582031,22.0884990692138,217.918411254882
2018-09-10,5685.33984375,8.64079666137695,1175.06005859375,22.38472366333,214.993759155273
2018-09-11,5706.990234375,8.57631397247314,1189.98999023437,22.0884990692138,220.429443359375
2018-09-12,5709.080078125,8.60394954681396,1171.59997558593,21.7823982238769,217.691925048828
2018-09-13,5740.75,8.63158416748046,1182.14001464843,21.3281879425048,222.950317382812
2018-09-14,5743.18994140625,8.70527935028076,1177.97998046875,21.3183135986328,220.419570922851
2018-09-17,5711.2900390625,8.79740047454834,1159.82995605468,21.3874320983886,214.550659179687
2018-09-18,5742.18017578125,8.82503509521484,1167.10998535156,21.5059223175048,214.905166625976
2018-09-19,5749.39013671875,9.00927448272705,1174.27001953125,21.6342868804931,215.033142089843
2018-09-20,5794.72021484375,9.03691005706787,1191.56994628906,21.9403839111328,216.667816162109
2018-09-21,5792.72021484375,9.07375812530517,1172.11999511718,22.7204437255859,214.334030151367
2018-09-24,5772.35986328125,8.83424758911132,1179.56005859375,22.4143466949462,217.416183471679
2018-09-25,5765.25,8.65000915527343,1193.89001464843,22.2761058807373,218.794799804687
2018-09-26,5746.27001953125,8.53946590423584,1194.06005859375,22.0983715057373,217.051849365234
2018-09-27,5763.22021484375,8.50261688232421,1207.35998535156,21.9305095672607,221.512603759765
2018-09-28,5763.419921875,8.52104187011718,1207.07995605468,22.2069873809814,222.290542602539
2018-10-01,5784.4501953125,8.58552551269531,1208.53002929687,21.5552940368652,223.787322998046
2018-10-02,5782.3701171875,8.47498226165771,1207.64001464843,21.03196144104,225.776458740234
2018-10-03,5786.47998046875,8.41049861907959,1211.53002929687,20.7851085662841,228.523818969726
2018-10-04,5740.56005859375,8.42892265319824,1177.06994628906,20.67649269104,224.50617980957
2018-10-05,5708.89990234375,8.40128517150878,1167.82995605468,20.2815265655517,220.862716674804
2018-10-08,5706.66015625,8.53025341033935,1155.92004394531,20.2716522216796,220.350662231445
2018-10-09,5700.22998046875,8.24468326568603,1145.17004394531,20.49875831604,223.403274536132
2018-10-10,5512.93994140625,8.12492752075195,1092.16003417968,19.9458065032959,213.053894042968
2018-10-11,5399.5400390625,8.1157169342041,1090.73999023437,20.0445461273193,211.173065185546
2018-10-12,5476.830078125,7.95911407470703,1120.5400390625,20.4493865966796,218.716033935546
2018-10-15,5444.60986328125,8.1157169342041,1102.43994140625,20.8739757537841,214.038604736328
2018-10-16,5561.7998046875,8.1065034866333,1133.07995605468,21.3281879425048,218.755416870117
2018-10-17,5560.6201171875,8.06965827941894,1127.58996582031,21.4762992858886,217.810089111328
2018-10-18,5481.1298828125,7.83935928344726,1097.91003417968,21.1307029724121,212.719085693359
2018-10-19,5479.2998046875,7.83014631271362,1105.18005371093,20.9825916290283,215.958801269531
2018-10-22,5455.8798828125,7.8864107131958,1111.36999511718,21.0912075042724,217.2783203125
2018-10-23,5426.080078125,8.0552053451538,1114.91003417968,20.7061138153076,219.326538085937
2018-10-24,5258.60986328125,7.67073011398315,1057.11999511718,20.5678768157959,211.803283691406
2018-10-25,5356.5400390625,8.43030166625976,1103.58996582031,20.5974998474121,216.441329956054
2018-10-26,5263.740234375,8.42092418670654,1083.75,20.6073741912841,212.994796752929
2018-10-29,5229.27978515625,8.70224666595459,1034.72998046875,21.03196144104,208.996856689453
2018-10-30,5311.669921875,8.87104034423828,1049.51000976562,20.4000167846679,210.040649414062
2018-10-31,5369.490234375,8.95543766021728,1090.57995605468,20.5382537841796,215.515686035156
2018-11-01,5426.330078125,8.71162414550781,1085.97998046875,21.1010818481445,218.824340820312
2018-11-02,5392.52978515625,8.79602146148681,1071.48999023437,20.58762550354,204.3095703125
2018-11-05,5422.8798828125,8.93668174743652,1055.72998046875,20.3407726287841,198.509582519531
2018-11-06,5457.25,8.94606113433837,1069.56994628906,21.6441612243652,200.656265258789
2018-11-07,5573.06005859375,9.00232505798339,1108.23999023437,23.2832717895507,206.741821289062
2018-11-08,5562.0,8.87104034423828,1094.63000488281,24.4681720733642,206.02049255371
2018-11-09,5511.7900390625,8.79602146148681,1077.02001953125,24.1719455718994,202.048095703125
2018-11-12,5403.18994140625,8.89917182922363,1049.35998535156,23.678237915039,191.870086669921
2018-11-13,5395.3701171875,8.94606113433837,1047.96997070312,23.8263492584228,189.953079223632
2018-11-14,5355.93994140625,8.94606113433837,1054.57995605468,23.7078609466552,184.58740234375
2018-11-15,5414.43017578125,8.73038005828857,1071.05004882812,23.5992450714111,189.142791748046
2018-11-16,5426.85986328125,8.4865665435791,1068.27001953125,23.3523902893066,191.237686157226
2018-11-19,5336.7001953125,8.67411422729492,1027.42004394531,22.8883056640625,183.658538818359
2018-11-20,5240.22998046875,8.49594402313232,1030.44995117187,22.8290615081787,174.883712768554
2018-11-21,5256.60986328125,8.54283142089843,1043.43005371093,23.4708805084228,174.686080932617
2018-11-23,5222.43017578125,8.56158542633056,1030.09997558593,23.4313831329345,170.249252319335
2018-11-26,5304.169921875,8.81477451324462,1055.93994140625,24.0040836334228,172.551666259765
2018-11-27,5321.52001953125,8.70224666595459,1052.28002929687,24.2410640716552,172.176162719726
2018-11-28,5444.1201171875,8.82415390014648,1091.7900390625,24.8433895111084,178.796798706054
2018-11-29,5433.490234375,8.78664398193359,1094.57995605468,24.3990497589111,177.423263549804
2018-11-30,5478.91015625,8.82415390014648,1109.65002441406,24.5076675415039,176.464767456054
2018-12-03,5538.85986328125,9.00232505798339,1116.35998535156,25.287727355957,182.630859375
2018-12-04,5359.91015625,8.60847282409668,1062.46997070312,24.7150249481201,174.59715270996
2018-12-06,5353.43017578125,8.45843410491943,1078.07995605468,24.7742691040039,172.650482177734
2018-12-07,5229.43994140625,8.27088546752929,1046.57995605468,24.8038921356201,166.494277954101
2018-12-10,5238.7001953125,7.98956251144409,1053.18005371093,24.5669116973876,167.591125488281
2018-12-11,5237.10009765625,8.00831699371337,1061.65002441406,24.4780464172363,166.632614135742
2018-12-12,5265.52978515625,8.1020917892456,1073.72998046875,25.2482299804687,167.097045898437
2018-12-13,5265.4599609375,7.97080755233764,1073.5400390625,26.3245124816894,168.92512512207
2018-12-14,5165.60009765625,7.98956251144409,1051.7099609375,25.998664855957,163.519912719726
2018-12-17,5058.580078125,7.97080755233764,1025.65002441406,25.9394207000732,161.998168945312
2018-12-18,5059.33984375,7.94267559051513,1043.41003417968,25.6036987304687,164.102935791015
2018-12-19,4981.919921875,7.80201339721679,1035.4599609375,25.0309982299804,158.984298706054
2018-12-20,4903.4599609375,7.74574995040893,1023.58001708984,24.8532638549804,154.972396850585
2018-12-21,4802.509765625,7.54882383346557,991.25,24.8236389160156,148.944625854492
2018-12-24,4672.66015625,7.15497255325317,984.669982910156,24.6261577606201,145.090835571289
2018-12-26,4904.490234375,7.36127567291259,1047.84997558593,24.9026336669921,155.308349609375
2018-12-27,4946.93994140625,7.36127567291259,1052.90002441406,24.9717540740966,154.30044555664
2018-12-28,4941.60986328125,7.3237657546997,1046.68005371093,24.6952762603759,154.379486083984
2018-12-31,4984.22021484375,7.17372751235961,1044.9599609375,24.8631381988525,155.871612548828
2019-01-02,4990.56005859375,7.40816259384155,1054.68005371093,25.0902423858642,156.049484252929
2019-01-03,4868.2998046875,7.29563379287719,1025.46997070312,24.8335151672363,140.505798339843
2019-01-04,5035.4501953125,7.57695579528808,1078.06994628906,24.9618797302246,146.50389099121
2019-01-07,5070.759765625,7.77388191223144,1075.92004394531,25.1001167297363,146.177810668945
2019-01-08,5120.0400390625,7.84890127182006,1085.36999511718,25.2186069488525,148.964385986328
2019-01-09,5142.66015625,8.1771125793457,1081.65002441406,26.0381622314453,151.494064331054
2019-01-10,5165.89013671875,8.13022422790527,1078.82995605468,25.7221889495849,151.978271484375
2019-01-11,5165.14990234375,8.27088546752929,1064.46997070312,25.4753341674804,150.48616027832
2019-01-14,5138.580078125,8.43030166625976,1051.51000976562,25.2679786682128,148.223281860351
2019-01-15,5193.77978515625,8.28964042663574,1086.51000976562,25.5247058868408,151.256927490234
2019-01-16,5205.4501953125,7.77388191223144,1089.51000976562,25.2976016998291,153.104782104492
2019-01-17,5245.47998046875,7.83952331542968,1099.11999511718,25.4950828552246,154.013885498046
2019-01-18,5314.77978515625,8.04582691192627,1107.30004882812,25.9591693878173,154.962493896484
2019-01-22,5239.75,7.97080755233764,1078.63000488281,25.8604278564453,151.48420715332
2019-01-23,5251.2900390625,7.82076930999755,1084.41003417968,25.6530704498291,152.096847534179
2019-01-24,5258.68994140625,8.06458282470703,1084.0,26.0677852630615,150.891296386718
2019-01-25,5303.509765625,8.30839443206787,1101.51000976562,25.9591693878173,155.891357421875
2019-01-28,5261.8798828125,8.12084579467773,1079.85998535156,25.820930480957,154.448654174804
2019-01-29,5254.31005859375,8.21462059020996,1070.06005859375,27.0453262329101,152.847839355468
2019-01-30,5336.60009765625,8.31002807617187,1097.98999023437,27.430419921875,163.292648315429
2019-01-31,5383.6298828125,8.39589500427246,1125.89001464843,27.351427078247,164.468566894531
2019-02-01,5389.18994140625,8.31957054138183,1118.61999511718,27.4896640777587,164.547607421875
2019-02-04,5425.7998046875,8.30048751831054,1141.42004394531,26.9465866088867,169.221588134765
2019-02-05,5451.39990234375,8.3481912612915,1151.86999511718,26.8280944824218,172.116867065429
2019-02-06,5439.7998046875,8.31957054138183,1122.89001464843,26.5417442321777,172.176162719726
2019-02-07,5389.68994140625,7.92839765548706,1105.91003417968,25.2976016998291,168.915267944335
2019-02-08,5395.1201171875,8.00472354888916,1102.38000488281,25.8011817932128,169.113723754882
2019-02-11,5399.0,7.94747829437255,1102.11999511718,26.7392272949218,168.141174316406
2019-02-12,5468.97998046875,8.07150936126709,1127.57995605468,27.2625579833984,169.590072631835
2019-02-13,5485.97021484375,8.02380466461181,1128.63000488281,27.4797897338867,168.885467529296
2019-02-14,5473.330078125,8.03334617614746,1129.19995117187,27.7365188598632,169.500778198242
2019-02-15,5533.27001953125,8.14783477783203,1119.63000488281,27.5489082336425,169.123657226562
2019-02-19,5541.97998046875,8.42451858520507,1126.51000976562,27.7562675476074,169.629760742187
2019-02-20,5552.89990234375,8.52946662902832,1120.58996582031,27.4995384216308,170.721405029296
2019-02-21,5533.7998046875,8.31002807617187,1104.2099609375,27.5390338897705,169.7587890625
2019-02-22,5569.4501953125,8.31002807617187,1116.56005859375,27.2428092956542,171.654251098632
2019-02-25,5577.08984375,8.35773277282714,1117.32995605468,27.2526836395263,172.904678344726
2019-02-26,5572.740234375,8.47222232818603,1122.01000976562,27.7167701721191,173.003921508789
2019-02-27,5570.56982421875,8.3768138885498,1122.89001464843,27.3810482025146,173.539794921875
2019-02-28,5556.490234375,8.36727428436279,1126.55004882812,27.430419921875,171.832885742187
2019-03-01,5595.10986328125,8.38635540008545,1148.52001953125,27.0848236083984,173.639038085937
2019-03-04,5573.52978515625,8.40543746948242,1153.42004394531,26.9860820770263,174.51235961914
2019-03-05,5567.39990234375,8.36727428436279,1169.18994140625,26.8280944824218,174.194778442382
2019-03-06,5531.33984375,8.18599796295166,1164.93994140625,26.6306114196777,173.192474365234
2019-03-07,5487.56005859375,8.09058952331543,1150.84997558593,26.3343868255615,171.187835693359
2019-03-08,5476.39013671875,8.03334617614746,1149.96997070312,25.9887905120849,171.59471130371
2019-03-11,5556.77001953125,8.21462059020996,1179.26000976562,26.4825000762939,177.539138793945
2019-03-12,5556.77001953125,8.17645740509033,1197.25,27.1539421081542,179.533874511718
2019-03-13,5612.56005859375,8.1382942199707,1199.06005859375,27.7266445159912,180.327774047851
2019-03-14,5609.58984375,8.02380466461181,1192.53002929687,27.874755859375,182.332397460937
2019-03-15,5637.77001953125,8.04288673400878,1190.30004882812,27.9932460784912,184.704223632812
2019-03-18,5658.72998046875,8.17645740509033,1188.55004882812,28.4277095794677,186.589782714843
2019-03-19,5658.14990234375,8.30048751831054,1202.4599609375,28.4770793914794,185.111114501953
2019-03-20,5641.740234375,8.11921405792236,1226.43005371093,28.6745643615722,186.728713989257
2019-03-21,5703.27978515625,8.29094696044921,1236.13000488281,27.8352603912353,193.605987548828
2019-03-22,5595.5,8.14783477783203,1207.65002441406,26.9564590454101,189.596725463867
2019-03-25,5591.22998046875,8.11921405792236,1197.38000488281,26.679983139038,187.304290771484
2019-03-26,5631.39013671875,8.35773277282714,1189.83996582031,26.9959564208984,185.36912536621
2019-03-27,5605.31982421875,8.2241621017456,1178.01000976562,27.3711738586425,187.036346435546
2019-03-28,5626.31982421875,8.36727428436279,1172.27001953125,27.4896640777587,187.284439086914
2019-03-29,5664.4599609375,8.3768138885498,1176.89001464843,27.7167701721191,188.505081176757
2019-04-01,5730.0400390625,8.56762981414795,1198.97998046875,28.644941329956,189.785278320312
2019-04-02,5730.35009765625,8.59625148773193,1205.5400390625,28.6350669860839,192.544143676757
2019-04-03,5742.669921875,8.71074199676513,1210.81005859375,29.4249992370605,193.864028930664
2019-04-04,5755.9599609375,8.81569099426269,1219.44995117187,29.4300003051757,194.201431274414
2019-04-05,5782.7001953125,8.82523155212402,1211.44995117187,29.6200008392334,195.50146484375
2019-04-08,5788.85986328125,8.87293529510498,1208.28002929687,29.8199996948242,198.577880859375
2019-04-09,5755.490234375,8.78706836700439,1202.68994140625,29.7900009155273,197.982452392578
2019-04-10,5775.990234375,8.90155792236328,1206.44995117187,29.9300003051757,199.093917846679
2019-04-11,5776.27978515625,8.95880222320556,1209.58996582031,29.7900009155273,197.436630249023
2019-04-12,5815.0400390625,9.01604652404785,1222.72998046875,29.9899997711181,197.357238769531
2019-04-15,5811.509765625,8.90155792236328,1226.53002929687,30.25,197.714492797851
2019-04-16,5814.4599609375,8.93017959594726,1231.91003417968,30.3799991607666,197.734344482421
2019-04-17,5801.830078125,9.06375122070312,1240.14001464843,30.3199996948242,201.584838867187
2019-04-18,5811.1298828125,9.11145591735839,1241.46997070312,30.3099994659423,202.309295654296
2019-04-22,5817.16015625,9.06375122070312,1253.76000976562,30.5100002288818,202.974197387695
2019-04-23,5868.8798828125,9.2091588973999,1270.58996582031,30.2700004577636,205.901748657226
2019-04-24,5856.02978515625,9.27701473236084,1260.05004882812,30.3999996185302,205.584182739257
2019-04-25,5853.8701171875,9.11221981048584,1267.33996582031,30.4799995422363,203.718490600585
2019-04-26,5881.47998046875,10.0912990570068,1277.42004394531,30.3099994659423,202.745941162109
2019-04-29,5888.0498046875,10.004054069519,1296.19995117187,30.2099990844726,203.053588867187
2019-04-30,5893.81005859375,10.1300745010375,1198.9599609375,30.1900005340576,199.14353942871
2019-05-01,5849.64990234375,9.98466682434082,1173.31994628906,30.079999923706,208.918624877929
2019-05-02,5837.4599609375,10.0234432220458,1166.51000976562,29.2700004577636,207.559051513671
2019-05-03,5894.2998046875,10.0912990570068,1189.55004882812,29.5200004577636,210.139266967773
2019-05-06,5868.4501953125,10.052523612976,1193.4599609375,29.1399993896484,206.894134521484
2019-05-07,5771.58984375,10.0622177124023,1178.85998535156,29.2000007629394,201.31689453125
2019-05-08,5762.47998046875,10.0234432220458,1170.78002929687,29.2800006866455,201.356582641601
2019-05-09,5747.080078125,9.88772773742675,1167.96997070312,28.4799995422363,199.193176269531
2019-05-10,5770.43994140625,10.0622177124023,1167.64001464843,28.8500003814697,196.433654785156
2019-05-13,5631.41015625,9.77140235900878,1136.58996582031,27.2099990844726,185.017044067382
2019-05-14,5677.2001953125,9.92650413513183,1124.85998535156,27.9899997711181,187.945907592773
2019-05-15,5711.490234375,10.0428295135498,1170.80004882812,27.579999923706,190.197357177734
2019-05-16,5763.9501953125,10.0816049575805,1184.5,27.7399997711181,189.360534667968
2019-05-17,5730.89013671875,9.97497367858886,1168.78002929687,27.6800003051757,188.284622192382
2019-05-20,5692.2998046875,9.96527862548828,1144.66003417968,26.8199996948242,182.396987915039
2019-05-21,5740.81005859375,9.92650413513183,1154.43994140625,27.9099998474121,185.89370727539
2019-05-22,5724.7099609375,9.66477012634277,1155.84997558593,28.3199996948242,182.088165283203
2019-05-23,5657.10009765625,9.5484447479248,1145.33996582031,27.2900009155273,178.97998046875
2019-05-24,5665.60009765625,9.52905559539795,1138.60998535156,27.7399997711181,178.292587280273
2019-05-28,5618.18017578125,9.48058605194091,1139.56005859375,28.3400001525878,177.555389404296
2019-05-29,5579.509765625,9.41272926330566,1119.93994140625,27.2099990844726,176.708602905273
2019-05-30,5591.97021484375,9.44181156158447,1121.41003417968,27.3500003814697,177.625122070312
2019-05-31,5519.27001953125,9.22854709625244,1106.5,27.2199993133544,174.407348632812
2019-06-03,5504.0498046875,9.3157901763916,1038.73999023437,27.1700000762939,172.64404296875
2019-06-04,5622.31005859375,9.61630058288574,1054.48999023437,27.4200000762939,178.960052490234
2019-06-05,5668.89013671875,9.48058605194091,1044.64001464843,27.3999996185302,181.849060058593
2019-06-06,5705.22021484375,9.45150566101074,1047.76000976562,26.9500007629394,184.518936157226
2019-06-07,5765.66015625,9.46119880676269,1068.36999511718,27.6299991607666,189.430267333984
2019-06-10,5792.56005859375,9.51936149597168,1082.76000976562,27.5900001525878,191.85107421875
2019-06-11,5790.830078125,9.61630058288574,1081.0400390625,28.1700000762939,194.072631835937
2019-06-12,5779.1201171875,9.5484447479248,1079.09997558593,28.329999923706,193.454986572265
2019-06-13,5804.52978515625,9.75201416015625,1091.01000976562,28.4699993133544,193.415115356445
2019-06-14,5795.9599609375,9.67446327209472,1086.30004882812,28.4899997711181,192.010467529296
2019-06-17,5801.39990234375,9.74232006072998,1093.89001464843,28.7700004577636,193.156112670898
2019-06-18,5857.9501953125,9.79078960418701,1105.23999023437,28.7700004577636,197.698852539062
2019-06-19,5875.4501953125,9.73262691497802,1104.51000976562,28.9300003051757,197.121047973632
2019-06-20,5931.66015625,9.73262691497802,1113.19995117187,29.8899993896484,198.705032348632
2019-06-21,5924.5400390625,9.68415737152099,1125.36999511718,29.9500007629394,198.027603149414
2019-06-24,5914.2900390625,9.64538192749023,1116.69995117187,29.8799991607666,197.828369140625
2019-06-25,5858.1298828125,9.53874969482421,1087.57995605468,30.0300006866455,194.829757690429
2019-06-26,5850.89990234375,9.60660648345947,1080.31994628906,30.0,199.043746948242
2019-06-27,5874.14990234375,9.88772773742675,1076.63000488281,29.079999923706,198.983978271484
2019-06-28,5908.25,9.91681003570556,1082.80004882812,28.8099994659423,197.170852661132
2019-07-01,5953.6298828125,9.83925819396972,1100.0,29.7600002288818,200.787124633789
2019-07-02,5971.2900390625,9.81017780303955,1112.59997558593,29.7800006866455,201.962646484375
2019-07-03,5982.89990234375,9.88772773742675,1122.98999023437,29.8500003814697,203.636291503906
2019-07-05,6008.31005859375,9.88772773742675,1132.67004394531,29.2299995422363,203.456970214843
2019-07-08,5979.33984375,9.88772773742675,1116.7900390625,29.579999923706,199.262908935546
2019-07-09,5988.47998046875,9.82956600189209,1124.2900390625,29.3600006103515,200.478302001953
2019-07-10,6015.56005859375,9.80048274993896,1140.91003417968,29.75,202.460754394531
2019-07-11,6029.330078125,9.8780345916748,1144.07995605468,29.8500003814697,200.986358642578
2019-07-12,6057.77001953125,10.1688499450683,1145.33996582031,29.3099994659423,202.530502319335
2019-07-15,6058.830078125,10.1009931564331,1150.51000976562,29.4699993133544,204.433273315429
2019-07-16,6038.39990234375,10.1882381439208,1153.4599609375,29.4599990844726,203.725952148437
2019-07-17,5999.0498046875,10.0137481689453,1146.73999023437,29.3500003814697,202.580307006835
2019-07-18,6021.14990234375,9.94589138031005,1147.23999023437,29.5400009155273,204.881561279296
2019-07-19,5984.2001953125,9.88772773742675,1131.55004882812,29.5499992370605,201.823181152343
2019-07-22,6001.27978515625,9.85821342468261,1139.2099609375,29.3899993896484,206.435653686523
2019-07-23,6042.47998046875,10.0057907104492,1148.05004882812,29.6299991607666,208.049514770507
2019-07-24,6071.0498046875,10.1632070541381,1139.72998046875,29.1599998474121,207.880172729492
2019-07-25,6039.1298828125,9.40564060211181,1135.93994140625,29.3600006103515,206.236419677734
2019-07-26,6083.81982421875,9.41547870635986,1245.21997070312,29.25,206.953689575195
2019-07-29,6074.009765625,9.44499492645263,1241.83996582031,29.2800006866455,208.886337280273
2019-07-30,6058.9599609375,9.39580154418945,1228.0,27.4899997711181,207.98974609375
2019-07-31,5993.169921875,9.37612438201904,1218.19995117187,27.4400005340576,212.233627319335
2019-08-01,5939.830078125,9.15967750549316,1211.78002929687,27.5900001525878,207.641067504882
2019-08-02,5897.10009765625,9.13016128540039,1196.31994628906,27.4099998474121,203.247772216796
2019-08-05,5721.7998046875,9.0809679031372,1154.75,26.6299991607666,192.608184814453
2019-08-06,5796.72021484375,9.32693099975586,1171.07995605468,27.1599998474121,196.254333496093
2019-08-07,5801.31982421875,9.37612438201904,1175.91003417968,27.7999992370605,198.28660583496
2019-08-08,5911.66015625,9.40564060211181,1206.18994140625,27.7900009155273,202.65998840332
2019-08-09,5873.47021484375,9.2974157333374,1188.90002441406,27.6000003814697,200.990005493164
2019-08-12,5802.14013671875,9.13999938964843,1174.5,26.6900005340576,200.479995727539
2019-08-13,5890.16015625,9.11048412322998,1196.72998046875,26.4099998474121,208.970001220703
2019-08-14,5719.2998046875,8.85468196868896,1164.25,26.1700000762939,202.75
2019-08-15,5734.490234375,8.71694278717041,1169.31994628906,24.9500007629394,201.740005493164
2019-08-16,5818.169921875,8.81532764434814,1179.2099609375,24.8500003814697,206.5
2019-08-19,5888.93017578125,8.88419723510742,1200.43994140625,25.1000003814697,210.350006103515
2019-08-20,5842.759765625,8.81532764434814,1183.53002929687,25.3899993896484,210.360000610351
2019-08-21,5891.18994140625,8.89403629302978,1191.57995605468,26.4300003051757,212.639999389648
2019-08-22,5888.3701171875,8.89403629302978,1191.52001953125,26.5100002288818,212.460006713867
2019-08-23,5735.6298828125,8.62839603424072,1153.57995605468,26.2000007629394,202.639999389648
2019-08-26,5799.33984375,8.67758846282959,1171.18005371093,26.6299991607666,206.490005493164
2019-08-27,5780.7900390625,8.61855792999267,1170.81994628906,26.0699996948242,204.160003662109
2019-08-28,5818.83984375,8.85468196868896,1173.75,25.6900005340576,205.529998779296
2019-08-29,5893.64990234375,8.97274494171142,1194.23999023437,24.1100006103515,209.009994506835
2019-08-30,5898.22998046875,9.02193737030029,1190.53002929687,24.5,208.740005493164
2019-09-03,5857.9501953125,8.95306777954101,1169.55004882812,24.1499996185302,205.699996948242
2019-09-04,5921.9599609375,9.05145263671875,1182.27001953125,24.5699996948242,209.190002441406
2019-09-05,6000.3798828125,9.18919277191162,1212.18994140625,25.0,213.279998779296
2019-09-06,6006.06982421875,9.18919277191162,1206.31994628906,24.8700008392334,213.259994506835
2019-09-09,6005.990234375,9.3859634399414,1205.27001953125,25.8799991607666,214.169998168945
2019-09-10,6008.1201171875,9.26790046691894,1205.69995117187,26.2099990844726,216.699996948242
2019-09-11,6051.8701171875,9.26790046691894,1220.0,27.1399993896484,223.58999633789
2019-09-12,6070.22998046875,9.25806236267089,1234.96997070312,27.3799991607666,223.08999633789
2019-09-13,6067.5,9.2974157333374,1240.03002929687,27.2700004577636,218.75
2019-09-16,6048.669921875,9.1498384475708,1231.63000488281,26.8099994659423,219.899993896484
2019-09-17,6064.31005859375,9.13016128540039,1229.88000488281,27.0699996948242,220.699996948242
2019-09-18,6066.419921875,9.10064601898193,1232.65002441406,27.3999996185302,222.77000427246
2019-09-19,6066.89990234375,8.95306777954101,1238.75,27.7600002288818,220.960006713867
2019-09-20,6037.5,9.02193737030029,1229.83996582031,27.0100002288818,217.729995727539
2019-09-23,6036.89990234375,9.01209831237793,1234.68994140625,26.6399993896484,218.720001220703
2019-09-24,5986.580078125,8.96290588378906,1218.32995605468,27.0499992370605,217.679992675781
2019-09-25,6023.4599609375,9.05145263671875,1245.93994140625,26.8099994659423,221.029998779296
2019-09-26,6009.18994140625,8.99242210388183,1242.2900390625,26.7299995422363,219.889999389648
2019-09-27,5978.10986328125,8.9333906173706,1225.94995117187,26.5200004577636,218.820007324218
2019-09-30,6008.58984375,9.01209831237793,1221.14001464843,25.8700008392334,223.970001220703
2019-10-01,5935.2001953125,8.75629615783691,1206.0,25.8199996948242,224.58999633789
